label,round,benchmark,instrumented,reader,mode,tables,files_per_table,sources,cache,existing,batch,chunks,rows_per_chunk,step_entries,flush_ms,samples,wall_us,cpu_us,durable_us,non_durable_us,put_us,allocations,allocated_bytes,peak_heap_bytes,retained_heap_bytes,data_gets
before,0,build,false,false,,,,,,,,128,128,128,,,349931.0,263518.0,,,,,,,,
before,0,build,false,false,,,,,,,,128,128,16,,,1552181.0,557156.0,,,,,,,,
before,0,build,false,false,,,,,,,,16,1024,128,,,348252.0,263122.0,,,,,,,,
before,0,build,false,false,,,,,,,,16,128,128,,,44066.0,33039.0,,,,,,,,
before,0,index,false,false,,,,,,1024,1,,,,,20,1193.338,168.935,,,2.261,,,,,
before,0,index,false,false,,,,,,1024,1024,,,,,20,5520.493,5651.425,,,4.131,,,,,
before,0,index,false,false,,,,,,65536,1,,,,,20,1216.363,193.177,,,2.091,,,,,
before,0,index,false,false,,,,,,65536,1024,,,,,20,7270.860,7328.358,,,3.588,,,,,
before,0,index,true,false,,,,,,1024,1,,,,,20,1210.513,189.656,,,2.767,475.5,161683.6,,,
before,0,index,true,false,,,,,,1024,1024,,,,,20,6517.444,6705.198,,,3.685,67459.0,5905602.3,,,
before,0,index,true,false,,,,,,65536,1,,,,,20,1213.771,196.843,,,2.399,475.8,161908.0,,,
before,0,index,true,false,,,,,,65536,1024,,,,,20,8937.238,9220.665,,,6.043,67474.0,5913004.8,,,
before,0,memory,true,false,,,,,,,,128,128,128,,,2230079.0,,,,,,310006955,38888075,37859991,
before,0,memory,true,false,,,,,,,,128,128,16,,,3896964.0,,,,,,438211154,39898269,39233235,
before,0,memory,true,false,,,,,,,,16,1024,128,,,2383407.0,,,,,,308935194,38936046,37908092,
before,0,memory,true,false,,,,,,,,16,128,128,,,283711.0,,,,,,40048958,5340106,4769770,
before,0,row,false,false,files,,,1024,cold,,,,,,,1,12463.575,12491.063,,,,,,,,1024.0
before,0,row,false,false,files,,,1024,warm,,,,,,,32,4246.588,4244.322,,,,,,,,0.0
before,0,row,false,false,files,,,128,cold,,,,,,,1,2290.686,2309.731,,,,,,,,128.0
before,0,row,false,false,files,,,128,warm,,,,,,,32,429.932,429.628,,,,,,,,0.0
before,0,row,false,false,files,,,16,cold,,,,,,,1,1081.386,1096.312,,,,,,,,16.0
before,0,row,false,false,files,,,16,warm,,,,,,,32,91.283,91.317,,,,,,,,0.0
before,0,row,false,false,inline,,,1024,cold,,,,,,,1,17944.849,17999.025,,,,,,,,0.0
before,0,row,false,false,inline,,,1024,warm,,,,,,,32,8850.267,8847.900,,,,,,,,0.0
before,0,row,false,false,inline,,,128,cold,,,,,,,1,2381.817,2407.445,,,,,,,,0.0
before,0,row,false,false,inline,,,128,warm,,,,,,,32,1260.574,1241.790,,,,,,,,0.0
before,0,row,false,false,inline,,,16,cold,,,,,,,1,1005.182,1060.380,,,,,,,,0.0
before,0,row,false,false,inline,,,16,warm,,,,,,,32,146.541,146.589,,,,,,,,0.0
before,0,row,false,true,recent,,,1024,cold,,,,,,,1,22762.800,22654.881,,,,,,,,0.0
before,0,row,false,true,recent,,,1024,warm,,,,,,,32,20628.581,20583.514,,,,,,,,0.0
before,0,row,false,false,recent,,,1024,cold,,,,,,,1,22956.934,22979.908,,,,,,,,0.0
before,0,row,false,false,recent,,,1024,warm,,,,,,,32,33561.067,33548.169,,,,,,,,0.0
before,0,row,false,false,recent,,,128,cold,,,,,,,1,3107.700,3144.535,,,,,,,,0.0
before,0,row,false,false,recent,,,128,warm,,,,,,,32,3857.587,3855.993,,,,,,,,0.0
before,0,row,false,true,recent,,,16,cold,,,,,,,1,536.983,558.271,,,,,,,,0.0
before,0,row,false,true,recent,,,16,warm,,,,,,,32,332.904,330.430,,,,,,,,0.0
before,0,row,false,false,recent,,,16,cold,,,,,,,1,617.940,650.597,,,,,,,,0.0
before,0,row,false,false,recent,,,16,warm,,,,,,,32,496.899,496.172,,,,,,,,0.0
before,0,row,true,false,files,,,1024,cold,,,,,,,1,13854.011,13876.607,,,,107550.0,22007626.0,,,1024.0
before,0,row,true,false,files,,,1024,warm,,,,,,,32,3859.767,3827.426,,,,30061.0,5016692.0,,,0.0
before,0,row,true,false,files,,,128,cold,,,,,,,1,2169.986,2190.160,,,,14383.0,2664965.0,,,128.0
before,0,row,true,false,files,,,128,warm,,,,,,,32,572.260,571.825,,,,4074.0,658716.0,,,0.0
before,0,row,true,false,files,,,16,cold,,,,,,,1,1199.344,1206.697,,,,4344.0,2595958.0,,,16.0
before,0,row,true,false,files,,,16,warm,,,,,,,32,98.823,98.847,,,,823.6,113577.0,,,0.0
before,0,row,true,false,inline,,,1024,cold,,,,,,,1,15121.582,15163.323,,,,49524.0,30349953.0,,,0.0
before,0,row,true,false,inline,,,1024,warm,,,,,,,32,9644.162,9633.621,,,,22061.0,24146111.0,,,0.0
before,0,row,true,false,inline,,,128,cold,,,,,,,1,2046.102,2080.738,,,,7628.0,4024844.0,,,0.0
before,0,row,true,false,inline,,,128,warm,,,,,,,32,1035.977,1035.385,,,,3179.0,3083853.0,,,0.0
before,0,row,true,false,inline,,,16,cold,,,,,,,1,1053.087,1093.397,,,,3859.0,2849876.0,,,0.0
before,0,row,true,false,inline,,,16,warm,,,,,,,32,163.640,163.685,,,,812.1,449121.0,,,0.0
before,0,row,true,true,recent,,,1024,cold,,,,,,,1,22454.491,22495.735,,,,28994.0,34710957.0,,,0.0
before,0,row,true,true,recent,,,1024,warm,,,,,,,32,20288.828,20288.171,,,,25871.0,34112161.0,,,0.0
before,0,row,true,false,recent,,,1024,cold,,,,,,,1,23377.088,23414.937,,,,52381.0,42089051.0,,,0.0
before,0,row,true,false,recent,,,1024,warm,,,,,,,32,35204.699,35203.602,,,,144132.8,48625636.0,,,0.0
before,0,row,true,false,recent,,,128,cold,,,,,,,1,3481.823,3507.328,,,,8661.0,7240650.0,,,0.0
before,0,row,true,false,recent,,,128,warm,,,,,,,32,4014.050,4010.720,,,,17263.5,6019187.0,,,0.0
before,0,row,true,true,recent,,,16,cold,,,,,,,1,621.207,668.112,,,,1115.0,639995.0,,,0.0
before,0,row,true,true,recent,,,16,warm,,,,,,,32,326.956,327.003,,,,966.0,622693.5,,,0.0
before,0,row,true,false,recent,,,16,cold,,,,,,,1,647.335,684.479,,,,1641.0,759100.0,,,0.0
before,0,row,true,false,recent,,,16,warm,,,,,,,32,507.719,507.784,,,,2721.8,896318.2,,,0.0
before,0,verb,false,false,,0,8,,,,,,,,0,60,1166.026,159.433,1094.367,71.659,3.110,,,,,
before,0,verb,false,false,,0,8,,,,,,,,10,60,11186.336,451.950,10991.757,194.579,9.159,,,,,
before,0,verb,false,false,,1024,8,,,,,,,,0,60,10393.576,9717.526,1147.023,9246.553,9.027,,,,,
before,0,verb,false,false,,128,8,,,,,,,,0,60,1648.195,1043.397,729.268,918.927,3.431,,,,,
before,0,verb,false,false,,4096,8,,,,,,,,0,60,47194.605,47128.885,1161.622,46032.983,8.826,,,,,
before,0,verb,false,false,,4096,8,,,,,,,,10,60,50408.873,45211.930,5821.480,44587.393,9.659,,,,,
before,0,verb,true,false,,0,8,,,,,,,,0,60,1146.027,156.122,1072.785,73.243,2.471,287.2,129256.4,,,
before,0,verb,true,false,,0,8,,,,,,,,10,60,11069.058,425.019,10888.898,180.159,8.696,286.9,129110.8,,,
before,0,verb,true,false,,1024,8,,,,,,,,0,60,11589.875,10915.117,1162.497,10427.378,7.834,52585.5,13739673.4,,,
before,0,verb,true,false,,128,8,,,,,,,,0,60,1615.556,1076.224,650.328,965.229,2.608,6810.1,1817008.1,,,
before,0,verb,true,false,,4096,8,,,,,,,,0,60,52017.293,52211.433,1212.154,50805.140,9.181,209513.6,54615964.6,,,
before,0,verb,true,false,,4096,8,,,,,,,,10,60,56009.388,49540.765,7203.257,48806.131,9.770,209255.3,54490700.9,,,
before,1,build,false,false,,,,,,,,128,128,128,,,390244.0,304745.0,,,,,,,,
before,1,build,false,false,,,,,,,,128,128,16,,,1509991.0,503692.0,,,,,,,,
before,1,build,false,false,,,,,,,,16,1024,128,,,348686.0,262664.0,,,,,,,,
before,1,build,false,false,,,,,,,,16,128,128,,,43033.0,32015.0,,,,,,,,
before,1,index,false,false,,,,,,1024,1,,,,,20,1219.256,202.150,,,2.830,,,,,
before,1,index,false,false,,,,,,1024,1024,,,,,20,6420.367,6520.138,,,7.068,,,,,
before,1,index,false,false,,,,,,65536,1,,,,,20,1187.205,219.808,,,2.603,,,,,
before,1,index,false,false,,,,,,65536,1024,,,,,20,8183.747,8467.318,,,7.070,,,,,
before,1,index,true,false,,,,,,1024,1,,,,,20,1151.341,179.889,,,2.374,476.1,161974.8,,,
before,1,index,true,false,,,,,,1024,1024,,,,,20,6800.533,7064.788,,,5.102,67460.8,5906475.9,,,
before,1,index,true,false,,,,,,65536,1,,,,,20,1193.903,228.826,,,2.890,476.1,162053.6,,,
before,1,index,true,false,,,,,,65536,1024,,,,,20,9737.083,9992.318,,,5.804,67476.4,5914169.6,,,
before,1,memory,true,false,,,,,,,,128,128,128,,,2266519.0,,,,,,309184830,38872351,37844325,
before,1,memory,true,false,,,,,,,,128,128,16,,,4315224.0,,,,,,438695231,39899205,39234171,
before,1,memory,true,false,,,,,,,,16,1024,128,,,2225791.0,,,,,,309959100,38946700,37918746,
before,1,memory,true,false,,,,,,,,16,128,128,,,284943.0,,,,,,39901642,5340626,4770290,
before,1,row,false,false,files,,,1024,cold,,,,,,,1,15112.012,15134.430,,,,,,,,1024.0
before,1,row,false,false,files,,,1024,warm,,,,,,,32,4200.116,4199.885,,,,,,,,0.0
before,1,row,false,false,files,,,128,cold,,,,,,,1,2377.118,2392.191,,,,,,,,128.0
before,1,row,false,false,files,,,128,warm,,,,,,,32,437.374,437.436,,,,,,,,0.0
before,1,row,false,false,files,,,16,cold,,,,,,,1,1296.867,1314.661,,,,,,,,16.0
before,1,row,false,false,files,,,16,warm,,,,,,,32,89.433,89.474,,,,,,,,0.0
before,1,row,false,false,inline,,,1024,cold,,,,,,,1,14160.804,14201.870,,,,,,,,0.0
before,1,row,false,false,inline,,,1024,warm,,,,,,,32,9394.571,9388.948,,,,,,,,0.0
before,1,row,false,false,inline,,,128,cold,,,,,,,1,2611.227,2720.006,,,,,,,,0.0
before,1,row,false,false,inline,,,128,warm,,,,,,,32,1030.270,1030.326,,,,,,,,0.0
before,1,row,false,false,inline,,,16,cold,,,,,,,1,568.011,606.857,,,,,,,,0.0
before,1,row,false,false,inline,,,16,warm,,,,,,,32,285.561,285.613,,,,,,,,0.0
before,1,row,false,true,recent,,,1024,cold,,,,,,,1,22183.345,22412.180,,,,,,,,0.0
before,1,row,false,true,recent,,,1024,warm,,,,,,,32,21443.957,21440.309,,,,,,,,0.0
before,1,row,false,false,recent,,,1024,cold,,,,,,,1,24079.602,24077.151,,,,,,,,0.0
before,1,row,false,false,recent,,,1024,warm,,,,,,,32,35148.544,35144.741,,,,,,,,0.0
before,1,row,false,false,recent,,,128,cold,,,,,,,1,4676.592,4717.540,,,,,,,,0.0
before,1,row,false,false,recent,,,128,warm,,,,,,,32,5008.330,5008.093,,,,,,,,0.0
before,1,row,false,true,recent,,,16,cold,,,,,,,1,511.176,530.465,,,,,,,,0.0
before,1,row,false,true,recent,,,16,warm,,,,,,,32,306.213,306.276,,,,,,,,0.0
before,1,row,false,false,recent,,,16,cold,,,,,,,1,1518.415,1558.767,,,,,,,,0.0
before,1,row,false,false,recent,,,16,warm,,,,,,,32,770.689,770.789,,,,,,,,0.0
before,1,row,true,false,files,,,1024,cold,,,,,,,1,13688.315,13702.457,,,,107543.0,21963482.0,,,1024.0
before,1,row,true,false,files,,,1024,warm,,,,,,,32,3766.845,3765.922,,,,30061.0,5016692.0,,,0.0
before,1,row,true,false,files,,,128,cold,,,,,,,1,2089.486,2105.257,,,,14383.0,2664965.0,,,128.0
before,1,row,true,false,files,,,128,warm,,,,,,,32,497.526,497.589,,,,4074.0,658716.0,,,0.0
before,1,row,true,false,files,,,16,cold,,,,,,,1,1362.977,1393.979,,,,4338.0,2593046.0,,,16.0
before,1,row,true,false,files,,,16,warm,,,,,,,32,100.333,100.363,,,,823.8,113668.0,,,0.0
before,1,row,true,false,inline,,,1024,cold,,,,,,,1,13731.427,13782.546,,,,49524.0,30349953.0,,,0.0
before,1,row,true,false,inline,,,1024,warm,,,,,,,32,9314.828,9314.591,,,,22061.0,24146111.0,,,0.0
before,1,row,true,false,inline,,,128,cold,,,,,,,1,2858.116,2937.066,,,,9172.0,6154320.0,,,0.0
before,1,row,true,false,inline,,,128,warm,,,,,,,32,1070.698,1070.768,,,,3179.0,3083853.0,,,0.0
before,1,row,true,false,inline,,,16,cold,,,,,,,1,642.919,684.919,,,,2333.0,724110.0,,,0.0
before,1,row,true,false,inline,,,16,warm,,,,,,,32,163.213,163.271,,,,812.1,449121.0,,,0.0
before,1,row,true,true,recent,,,1024,cold,,,,,,,1,21622.844,21659.891,,,,28996.0,34711477.0,,,0.0
before,1,row,true,true,recent,,,1024,warm,,,,,,,32,20893.232,20891.915,,,,25871.0,34112161.0,,,0.0
before,1,row,true,false,recent,,,1024,cold,,,,,,,1,24710.319,24722.939,,,,50983.0,40127308.0,,,0.0
before,1,row,true,false,recent,,,1024,warm,,,,,,,32,36133.685,36126.238,,,,144134.9,48626637.0,,,0.0
before,1,row,true,false,recent,,,128,cold,,,,,,,1,3416.151,3442.461,,,,8661.0,7240578.0,,,0.0
before,1,row,true,false,recent,,,128,warm,,,,,,,32,4170.603,4165.486,,,,17262.2,6018550.0,,,0.0
before,1,row,true,true,recent,,,16,cold,,,,,,,1,549.075,583.293,,,,1143.0,647337.0,,,0.0
before,1,row,true,true,recent,,,16,warm,,,,,,,32,335.410,335.207,,,,966.0,622693.5,,,0.0
before,1,row,true,false,recent,,,16,cold,,,,,,,1,1056.166,1078.495,,,,3137.0,2876468.0,,,0.0
before,1,row,true,false,recent,,,16,warm,,,,,,,32,515.027,514.746,,,,2674.2,829966.0,,,0.0
before,1,verb,false,false,,0,8,,,,,,,,0,60,1210.873,185.530,1117.455,93.418,3.456,,,,,
before,1,verb,false,false,,0,8,,,,,,,,10,60,11086.723,440.993,10891.027,195.697,9.164,,,,,
before,1,verb,false,false,,1024,8,,,,,,,,0,60,9662.420,8953.774,1130.542,8531.878,7.177,,,,,
before,1,verb,false,false,,128,8,,,,,,,,0,60,1499.205,994.106,616.770,882.435,2.824,,,,,
before,1,verb,false,false,,4096,8,,,,,,,,0,60,46599.451,46923.394,1187.648,45411.803,9.614,,,,,
before,1,verb,false,false,,4096,8,,,,,,,,10,60,55098.379,47263.167,8665.227,46433.152,11.379,,,,,
before,1,verb,true,false,,0,8,,,,,,,,0,60,1236.968,207.958,1111.087,125.881,2.676,288.0,129644.6,,,
before,1,verb,true,false,,0,8,,,,,,,,10,60,11092.502,397.468,10912.288,180.213,7.378,286.9,129110.8,,,
before,1,verb,true,false,,1024,8,,,,,,,,0,60,11862.529,11217.035,1177.059,10685.470,8.196,52587.2,13740498.5,,,
before,1,verb,true,false,,128,8,,,,,,,,0,60,1691.877,1233.863,615.822,1076.055,3.969,6810.2,1817056.6,,,
before,1,verb,true,false,,4096,8,,,,,,,,0,60,48620.765,48612.207,1159.886,47460.879,9.000,209497.9,54608442.8,,,
before,1,verb,true,false,,4096,8,,,,,,,,10,60,55745.908,48214.723,8218.054,47527.854,9.476,209255.2,54490652.4,,,
before,2,build,false,false,,,,,,,,128,128,128,,,358666.0,270583.0,,,,,,,,
before,2,build,false,false,,,,,,,,128,128,16,,,1530047.0,526525.0,,,,,,,,
before,2,build,false,false,,,,,,,,16,1024,128,,,345514.0,260853.99999999997,,,,,,,,
before,2,build,false,false,,,,,,,,16,128,128,,,42752.0,32573.0,,,,,,,,
before,2,index,false,false,,,,,,1024,1,,,,,20,1210.135,184.537,,,2.467,,,,,
before,2,index,false,false,,,,,,1024,1024,,,,,20,5487.458,5632.387,,,4.721,,,,,
before,2,index,false,false,,,,,,65536,1,,,,,20,1208.731,240.108,,,2.678,,,,,
before,2,index,false,false,,,,,,65536,1024,,,,,20,7874.973,8206.848,,,7.827,,,,,
before,2,index,true,false,,,,,,1024,1,,,,,20,1225.179,205.172,,,2.656,476.1,161974.8,,,
before,2,index,true,false,,,,,,1024,1024,,,,,20,6583.640,6883.669,,,6.029,67460.2,5906184.7,,,
before,2,index,true,false,,,,,,65536,1,,,,,20,1211.217,258.949,,,3.065,475.4,161811.6,,,
before,2,index,true,false,,,,,,65536,1024,,,,,20,9394.135,9688.268,,,7.681,67475.9,5913993.6,,,
before,2,memory,true,false,,,,,,,,128,128,128,,,2258504.0,,,,,,309150005,38872351,37844325,
before,2,memory,true,false,,,,,,,,128,128,16,,,3935846.0,,,,,,438230694,39897801,39232767,
before,2,memory,true,false,,,,,,,,16,1024,128,,,2220016.0,,,,,,309207316,38936012,37908058,
before,2,memory,true,false,,,,,,,,16,128,128,,,293068.0,,,,,,39794837,5339726,4769390,
before,2,row,false,false,files,,,1024,cold,,,,,,,1,12084.978,12106.941,,,,,,,,1024.0
before,2,row,false,false,files,,,1024,warm,,,,,,,32,3450.334,3449.986,,,,,,,,0.0
before,2,row,false,false,files,,,128,cold,,,,,,,1,2352.554,2382.459,,,,,,,,128.0
before,2,row,false,false,files,,,128,warm,,,,,,,32,450.879,450.952,,,,,,,,0.0
before,2,row,false,false,files,,,16,cold,,,,,,,1,1074.369,1095.394,,,,,,,,16.0
before,2,row,false,false,files,,,16,warm,,,,,,,32,90.058,90.084,,,,,,,,0.0
before,2,row,false,false,inline,,,1024,cold,,,,,,,1,13819.599,13892.632,,,,,,,,0.0
before,2,row,false,false,inline,,,1024,warm,,,,,,,32,9071.430,9069.952,,,,,,,,0.0
before,2,row,false,false,inline,,,128,cold,,,,,,,1,2227.383,2261.782,,,,,,,,0.0
before,2,row,false,false,inline,,,128,warm,,,,,,,32,1250.760,1249.962,,,,,,,,0.0
before,2,row,false,false,inline,,,16,cold,,,,,,,1,994.714,1033.445,,,,,,,,0.0
before,2,row,false,false,inline,,,16,warm,,,,,,,32,167.034,167.070,,,,,,,,0.0
before,2,row,false,true,recent,,,1024,cold,,,,,,,1,21129.898,21165.644,,,,,,,,0.0
before,2,row,false,true,recent,,,1024,warm,,,,,,,32,20466.145,20464.786,,,,,,,,0.0
before,2,row,false,false,recent,,,1024,cold,,,,,,,1,23923.273,23962.815,,,,,,,,0.0
before,2,row,false,false,recent,,,1024,warm,,,,,,,32,33748.034,33743.881,,,,,,,,0.0
before,2,row,false,false,recent,,,128,cold,,,,,,,1,3129.830,3159.745,,,,,,,,0.0
before,2,row,false,false,recent,,,128,warm,,,,,,,32,3894.394,3893.777,,,,,,,,0.0
before,2,row,false,true,recent,,,16,cold,,,,,,,1,506.372,526.320,,,,,,,,0.0
before,2,row,false,true,recent,,,16,warm,,,,,,,32,315.693,315.746,,,,,,,,0.0
before,2,row,false,false,recent,,,16,cold,,,,,,,1,905.898,937.576,,,,,,,,0.0
before,2,row,false,false,recent,,,16,warm,,,,,,,32,804.844,804.933,,,,,,,,0.0
before,2,row,true,false,files,,,1024,cold,,,,,,,1,13784.452,13758.395,,,,107547.0,21965874.0,,,1024.0
before,2,row,true,false,files,,,1024,warm,,,,,,,32,3758.316,3758.381,,,,30061.0,5016692.0,,,0.0
before,2,row,true,false,files,,,128,cold,,,,,,,1,2208.746,2225.431,,,,14379.0,2663925.0,,,128.0
before,2,row,true,false,files,,,128,warm,,,,,,,32,529.563,503.954,,,,4074.0,658716.0,,,0.0
before,2,row,true,false,files,,,16,cold,,,,,,,1,749.227,771.797,,,,2922.0,491837.0,,,16.0
before,2,row,true,false,files,,,16,warm,,,,,,,32,99.860,99.886,,,,823.6,113577.0,,,0.0
before,2,row,true,false,inline,,,1024,cold,,,,,,,1,14623.470,14677.311,,,,51047.0,32473223.0,,,0.0
before,2,row,true,false,inline,,,1024,warm,,,,,,,32,10068.441,10064.427,,,,22061.0,24146111.0,,,0.0
before,2,row,true,false,inline,,,128,cold,,,,,,,1,2141.623,2176.854,,,,7620.0,4021412.0,,,0.0
before,2,row,true,false,inline,,,128,warm,,,,,,,32,1040.015,1039.797,,,,3178.8,3083762.0,,,0.0
before,2,row,true,false,inline,,,16,cold,,,,,,,1,989.119,1035.828,,,,3859.0,2849340.0,,,0.0
before,2,row,true,false,inline,,,16,warm,,,,,,,32,221.842,221.906,,,,812.3,449212.0,,,0.0
before,2,row,true,true,recent,,,1024,cold,,,,,,,1,23759.748,23807.268,,,,28994.0,34710957.0,,,0.0
before,2,row,true,true,recent,,,1024,warm,,,,,,,32,22062.293,22059.427,,,,25871.0,34112161.0,,,0.0
before,2,row,true,false,recent,,,1024,cold,,,,,,,1,24113.021,24154.996,,,,50846.0,39959957.0,,,0.0
before,2,row,true,false,recent,,,1024,warm,,,,,,,32,36044.808,36042.722,,,,144135.1,48626728.0,,,0.0
before,2,row,true,false,recent,,,128,cold,,,,,,,1,3533.376,3558.965,,,,8665.0,7241418.0,,,0.0
before,2,row,true,false,recent,,,128,warm,,,,,,,32,4065.352,4064.348,,,,17262.0,6018459.0,,,0.0
before,2,row,true,true,recent,,,16,cold,,,,,,,1,549.363,570.389,,,,1113.0,639475.0,,,0.0
before,2,row,true,true,recent,,,16,warm,,,,,,,32,319.627,319.685,,,,966.0,622693.5,,,0.0
before,2,row,true,false,recent,,,16,cold,,,,,,,1,640.520,671.376,,,,1610.0,750806.0,,,0.0
before,2,row,true,false,recent,,,16,warm,,,,,,,32,642.207,642.291,,,,2674.9,830330.0,,,0.0
before,2,verb,false,false,,0,8,,,,,,,,0,60,1172.381,166.610,1097.584,74.798,2.783,,,,,
before,2,verb,false,false,,0,8,,,,,,,,10,60,11113.042,426.393,10934.276,178.766,9.128,,,,,
before,2,verb,false,false,,1024,8,,,,,,,,0,60,9582.801,8805.199,1149.515,8433.286,6.924,,,,,
before,2,verb,false,false,,128,8,,,,,,,,0,60,1827.256,1219.041,759.216,1068.040,3.623,,,,,
before,2,verb,false,false,,4096,8,,,,,,,,0,60,44517.417,44496.056,1164.373,43353.044,9.051,,,,,
before,2,verb,false,false,,4096,8,,,,,,,,10,60,52380.325,46317.459,6910.240,45470.085,9.412,,,,,
before,2,verb,true,false,,0,8,,,,,,,,0,60,1197.894,173.193,1113.626,84.268,2.968,287.5,129401.9,,,
before,2,verb,true,false,,0,8,,,,,,,,10,60,11187.098,458.580,10978.727,208.371,9.358,286.9,129110.8,,,
before,2,verb,true,false,,1024,8,,,,,,,,0,60,12274.940,11613.706,1167.561,11107.379,7.838,52588.6,13741177.9,,,
before,2,verb,true,false,,128,8,,,,,,,,0,60,1657.238,1160.207,625.288,1031.950,3.012,6810.2,1817056.6,,,
before,2,verb,true,false,,4096,8,,,,,,,,0,60,49748.365,50053.858,1168.585,48579.780,8.856,209502.1,54610481.2,,,
before,2,verb,true,false,,4096,8,,,,,,,,10,60,56204.473,50220.237,6749.739,49454.734,9.783,209255.4,54490749.5,,,
before,3,build,false,false,,,,,,,,128,128,128,,,339701.0,248548.0,,,,,,,,
before,3,build,false,false,,,,,,,,128,128,16,,,1517307.0,505599.0,,,,,,,,
before,3,build,false,false,,,,,,,,16,1024,128,,,344616.0,256457.0,,,,,,,,
before,3,build,false,false,,,,,,,,16,128,128,,,43259.0,32180.999999999996,,,,,,,,
before,3,index,false,false,,,,,,1024,1,,,,,20,1100.313,179.964,,,2.589,,,,,
before,3,index,false,false,,,,,,1024,1024,,,,,20,5897.971,6128.902,,,4.827,,,,,
before,3,index,false,false,,,,,,65536,1,,,,,20,1230.405,209.891,,,2.578,,,,,
before,3,index,false,false,,,,,,65536,1024,,,,,20,7723.066,7881.618,,,5.759,,,,,
before,3,index,true,false,,,,,,1024,1,,,,,20,1209.664,189.398,,,2.755,475.9,162074.8,,,
before,3,index,true,false,,,,,,1024,1024,,,,,20,6682.723,7054.482,,,5.712,67460.6,5906383.1,,,
before,3,index,true,false,,,,,,65536,1,,,,,20,1247.201,231.842,,,2.963,476.4,162199.2,,,
before,3,index,true,false,,,,,,65536,1024,,,,,20,8801.904,9017.432,,,5.455,67473.1,5912568.0,,,
before,3,memory,true,false,,,,,,,,128,128,128,,,2302468.0,,,,,,309237359,38872351,37844325,
before,3,memory,true,false,,,,,,,,128,128,16,,,3854151.0,,,,,,438293062,39902807,39237773,
before,3,memory,true,false,,,,,,,,16,1024,128,,,2257240.0,,,,,,309021467,38935292,37907338,
before,3,memory,true,false,,,,,,,,16,128,128,,,282977.0,,,,,,40035321,5339762,4769426,
before,3,row,false,false,files,,,1024,cold,,,,,,,1,12249.526,12278.563,,,,,,,,1024.0
before,3,row,false,false,files,,,1024,warm,,,,,,,32,3477.443,3457.503,,,,,,,,0.0
before,3,row,false,false,files,,,128,cold,,,,,,,1,2455.443,2474.148,,,,,,,,128.0
before,3,row,false,false,files,,,128,warm,,,,,,,32,465.133,465.216,,,,,,,,0.0
before,3,row,false,false,files,,,16,cold,,,,,,,1,1136.125,1157.906,,,,,,,,16.0
before,3,row,false,false,files,,,16,warm,,,,,,,32,91.512,91.545,,,,,,,,0.0
before,3,row,false,false,inline,,,1024,cold,,,,,,,1,12377.621,12427.711,,,,,,,,0.0
before,3,row,false,false,inline,,,1024,warm,,,,,,,32,8982.713,8981.948,,,,,,,,0.0
before,3,row,false,false,inline,,,128,cold,,,,,,,1,1889.966,1926.700,,,,,,,,0.0
before,3,row,false,false,inline,,,128,warm,,,,,,,32,1064.271,1046.707,,,,,,,,0.0
before,3,row,false,false,inline,,,16,cold,,,,,,,1,840.693,888.821,,,,,,,,0.0
before,3,row,false,false,inline,,,16,warm,,,,,,,32,161.707,161.751,,,,,,,,0.0
before,3,row,false,true,recent,,,1024,cold,,,,,,,1,22197.836,22217.493,,,,,,,,0.0
before,3,row,false,true,recent,,,1024,warm,,,,,,,32,20112.683,20110.377,,,,,,,,0.0
before,3,row,false,false,recent,,,1024,cold,,,,,,,1,23213.122,23256.974,,,,,,,,0.0
before,3,row,false,false,recent,,,1024,warm,,,,,,,32,34749.923,34733.084,,,,,,,,0.0
before,3,row,false,false,recent,,,128,cold,,,,,,,1,3542.436,3567.980,,,,,,,,0.0
before,3,row,false,false,recent,,,128,warm,,,,,,,32,3969.196,3969.286,,,,,,,,0.0
before,3,row,false,true,recent,,,16,cold,,,,,,,1,539.075,573.011,,,,,,,,0.0
before,3,row,false,true,recent,,,16,warm,,,,,,,32,313.887,314.194,,,,,,,,0.0
before,3,row,false,false,recent,,,16,cold,,,,,,,1,604.032,624.321,,,,,,,,0.0
before,3,row,false,false,recent,,,16,warm,,,,,,,32,495.050,494.728,,,,,,,,0.0
before,3,row,true,false,files,,,1024,cold,,,,,,,1,13425.064,13437.292,,,,107544.0,22004714.0,,,1024.0
before,3,row,true,false,files,,,1024,warm,,,,,,,32,3766.696,3765.883,,,,30061.0,5016692.0,,,0.0
before,3,row,true,false,files,,,128,cold,,,,,,,1,2629.838,2651.494,,,,15801.0,4768046.0,,,128.0
before,3,row,true,false,files,,,128,warm,,,,,,,32,513.627,513.690,,,,4074.2,658807.0,,,0.0
before,3,row,true,false,files,,,16,cold,,,,,,,1,1226.437,1246.578,,,,4334.0,2592006.0,,,16.0
before,3,row,true,false,files,,,16,warm,,,,,,,32,99.530,99.553,,,,823.8,113668.0,,,0.0
before,3,row,true,false,inline,,,1024,cold,,,,,,,1,14213.848,14290.337,,,,51047.0,32473223.0,,,0.0
before,3,row,true,false,inline,,,1024,warm,,,,,,,32,9760.803,9760.044,,,,22061.0,24146111.0,,,0.0
before,3,row,true,false,inline,,,128,cold,,,,,,,1,2608.957,2665.620,,,,9148.0,6147506.0,,,0.0
before,3,row,true,false,inline,,,128,warm,,,,,,,32,1076.234,1076.310,,,,3179.0,3083853.0,,,0.0
before,3,row,true,false,inline,,,16,cold,,,,,,,1,982.410,1017.896,,,,3859.0,2849340.0,,,0.0
before,3,row,true,false,inline,,,16,warm,,,,,,,32,158.523,158.573,,,,811.9,449030.0,,,0.0
before,3,row,true,true,recent,,,1024,cold,,,,,,,1,22592.762,22632.147,,,,28804.0,34512294.0,,,0.0
before,3,row,true,true,recent,,,1024,warm,,,,,,,32,21373.572,21372.553,,,,25871.0,34112161.0,,,0.0
before,3,row,true,false,recent,,,1024,cold,,,,,,,1,22857.947,22874.921,,,,52369.0,42083227.0,,,0.0
before,3,row,true,false,recent,,,1024,warm,,,,,,,32,37893.392,37868.510,,,,144139.9,48629094.0,,,0.0
before,3,row,true,false,recent,,,128,cold,,,,,,,1,3475.134,3500.395,,,,8661.0,7240650.0,,,0.0
before,3,row,true,false,recent,,,128,warm,,,,,,,32,4100.221,4097.985,,,,17262.2,6018550.0,,,0.0
before,3,row,true,true,recent,,,16,cold,,,,,,,1,528.297,550.050,,,,1111.0,638955.0,,,0.0
before,3,row,true,true,recent,,,16,warm,,,,,,,32,320.999,321.075,,,,960.0,616469.0,,,0.0
before,3,row,true,false,recent,,,16,cold,,,,,,,1,606.799,629.310,,,,1615.0,752278.0,,,0.0
before,3,row,true,false,recent,,,16,warm,,,,,,,32,519.963,520.018,,,,2721.8,896318.2,,,0.0
before,3,verb,false,false,,0,8,,,,,,,,0,60,1188.542,161.598,1106.843,81.699,2.570,,,,,
before,3,verb,false,false,,0,8,,,,,,,,10,60,11078.545,385.843,10930.879,147.666,8.895,,,,,
before,3,verb,false,false,,1024,8,,,,,,,,0,60,9963.180,9226.003,1132.532,8830.648,7.253,,,,,
before,3,verb,false,false,,128,8,,,,,,,,0,60,1417.042,942.717,584.893,832.149,2.947,,,,,
before,3,verb,false,false,,4096,8,,,,,,,,0,60,46289.969,46332.304,1169.471,45120.499,9.447,,,,,
before,3,verb,false,false,,4096,8,,,,,,,,10,60,55370.839,48275.854,7762.436,47608.404,10.267,,,,,
before,3,verb,true,false,,0,8,,,,,,,,0,60,1179.483,154.056,1107.600,71.883,2.469,287.5,129401.9,,,
before,3,verb,true,false,,0,8,,,,,,,,10,60,11061.641,440.213,10883.175,178.466,9.174,286.9,129110.8,,,
before,3,verb,true,false,,1024,8,,,,,,,,0,60,10339.768,9585.782,1148.705,9191.063,6.624,52578.9,13736470.2,,,
before,3,verb,true,false,,128,8,,,,,,,,0,60,1580.096,1177.823,537.325,1042.770,3.576,6809.8,1816862.5,,,
before,3,verb,true,false,,4096,8,,,,,,,,0,60,53710.125,53973.463,1170.591,52539.534,8.940,209522.3,54620284.9,,,
before,3,verb,true,false,,4096,8,,,,,,,,10,60,55967.586,50426.252,6485.388,49482.198,10.088,209255.3,54490700.9,,,
before,4,build,false,false,,,,,,,,128,128,128,,,349476.0,263360.0,,,,,,,,
before,4,build,false,false,,,,,,,,128,128,16,,,1539174.0,529183.0,,,,,,,,
before,4,build,false,false,,,,,,,,16,1024,128,,,342508.0,255297.0,,,,,,,,
before,4,build,false,false,,,,,,,,16,128,128,,,42618.0,33030.0,,,,,,,,
before,4,index,false,false,,,,,,1024,1,,,,,20,1210.495,192.235,,,2.459,,,,,
before,4,index,false,false,,,,,,1024,1024,,,,,20,5666.580,5883.786,,,5.563,,,,,
before,4,index,false,false,,,,,,65536,1,,,,,20,1237.654,208.333,,,2.599,,,,,
before,4,index,false,false,,,,,,65536,1024,,,,,20,7763.966,7984.094,,,4.650,,,,,
before,4,index,true,false,,,,,,1024,1,,,,,20,1213.467,191.803,,,2.756,476.1,161974.8,,,
before,4,index,true,false,,,,,,1024,1024,,,,,20,6507.713,6710.618,,,4.549,67459.9,5906103.5,,,
before,4,index,true,false,,,,,,65536,1,,,,,20,1248.010,234.721,,,2.755,476.1,162053.6,,,
before,4,index,true,false,,,,,,65536,1024,,,,,20,8864.732,9064.001,,,5.226,67472.8,5912422.4,,,
before,4,memory,true,false,,,,,,,,128,128,128,,,2272653.0,,,,,,309182582,38872747,37844721,
before,4,memory,true,false,,,,,,,,128,128,16,,,4249806.0,,,,,,438760597,39897801,39232767,
before,4,memory,true,false,,,,,,,,16,1024,128,,,2234819.0,,,,,,310193528,38953572,37925618,
before,4,memory,true,false,,,,,,,,16,128,128,,,274384.0,,,,,,40233864,5341519,4770542,
before,4,row,false,false,files,,,1024,cold,,,,,,,1,12284.057,12311.780,,,,,,,,1024.0
before,4,row,false,false,files,,,1024,warm,,,,,,,32,3387.270,3387.345,,,,,,,,0.0
before,4,row,false,false,files,,,128,cold,,,,,,,1,2359.968,2374.141,,,,,,,,128.0
before,4,row,false,false,files,,,128,warm,,,,,,,32,444.376,444.439,,,,,,,,0.0
before,4,row,false,false,files,,,16,cold,,,,,,,1,1243.993,1264.138,,,,,,,,16.0
before,4,row,false,false,files,,,16,warm,,,,,,,32,94.820,94.866,,,,,,,,0.0
before,4,row,false,false,inline,,,1024,cold,,,,,,,1,15295.877,15339.665,,,,,,,,0.0
before,4,row,false,false,inline,,,1024,warm,,,,,,,32,9249.039,9248.414,,,,,,,,0.0
before,4,row,false,false,inline,,,128,cold,,,,,,,1,2562.052,2601.261,,,,,,,,0.0
before,4,row,false,false,inline,,,128,warm,,,,,,,32,1074.633,1074.164,,,,,,,,0.0
before,4,row,false,false,inline,,,16,cold,,,,,,,1,939.334,981.231,,,,,,,,0.0
before,4,row,false,false,inline,,,16,warm,,,,,,,32,149.321,149.367,,,,,,,,0.0
before,4,row,false,true,recent,,,1024,cold,,,,,,,1,24825.809,24860.119,,,,,,,,0.0
before,4,row,false,true,recent,,,1024,warm,,,,,,,32,21060.472,21060.054,,,,,,,,0.0
before,4,row,false,false,recent,,,1024,cold,,,,,,,1,22484.052,22535.596,,,,,,,,0.0
before,4,row,false,false,recent,,,1024,warm,,,,,,,32,33484.965,33483.953,,,,,,,,0.0
before,4,row,false,false,recent,,,128,cold,,,,,,,1,3141.371,3168.424,,,,,,,,0.0
before,4,row,false,false,recent,,,128,warm,,,,,,,32,3782.790,3782.861,,,,,,,,0.0
before,4,row,false,true,recent,,,16,cold,,,,,,,1,541.141,560.970,,,,,,,,0.0
before,4,row,false,true,recent,,,16,warm,,,,,,,32,331.677,331.094,,,,,,,,0.0
before,4,row,false,false,recent,,,16,cold,,,,,,,1,932.448,966.685,,,,,,,,0.0
before,4,row,false,false,recent,,,16,warm,,,,,,,32,801.171,801.274,,,,,,,,0.0
before,4,row,true,false,files,,,1024,cold,,,,,,,1,20417.260,20445.174,,,,106141.0,19868617.0,,,1024.0
before,4,row,true,false,files,,,1024,warm,,,,,,,32,4542.333,4542.414,,,,30061.0,5016692.0,,,0.0
before,4,row,true,false,files,,,128,cold,,,,,,,1,3362.533,3384.477,,,,14516.0,2832927.0,,,128.0
before,4,row,true,false,files,,,128,warm,,,,,,,32,833.998,834.077,,,,4076.1,659717.0,,,0.0
before,4,row,true,false,files,,,16,cold,,,,,,,1,1003.052,1018.524,,,,2924.0,492357.0,,,16.0
before,4,row,true,false,files,,,16,warm,,,,,,,32,99.243,99.270,,,,823.6,113577.0,,,0.0
before,4,row,true,false,inline,,,1024,cold,,,,,,,1,15695.516,15756.214,,,,51056.0,32477823.0,,,0.0
before,4,row,true,false,inline,,,1024,warm,,,,,,,32,9920.783,9920.556,,,,22061.0,24146111.0,,,0.0
before,4,row,true,false,inline,,,128,cold,,,,,,,1,2176.686,2216.696,,,,7620.0,4021412.0,,,0.0
before,4,row,true,false,inline,,,128,warm,,,,,,,32,1095.873,1095.730,,,,3226.6,3150205.2,,,0.0
before,4,row,true,false,inline,,,16,cold,,,,,,,1,1020.180,1062.611,,,,3859.0,2849340.0,,,0.0
before,4,row,true,false,inline,,,16,warm,,,,,,,32,157.019,157.065,,,,811.9,449030.0,,,0.0
before,4,row,true,true,recent,,,1024,cold,,,,,,,1,37933.872,37980.980,,,,28995.0,34712125.0,,,0.0
before,4,row,true,true,recent,,,1024,warm,,,,,,,32,21481.769,21472.678,,,,25871.0,34112161.0,,,0.0
before,4,row,true,false,recent,,,1024,cold,,,,,,,1,24070.186,24113.016,,,,52369.0,42083227.0,,,0.0
before,4,row,true,false,recent,,,1024,warm,,,,,,,32,38753.775,38748.546,,,,144140.3,48629276.0,,,0.0
before,4,row,true,false,recent,,,128,cold,,,,,,,1,3636.366,3663.422,,,,8663.0,7240898.0,,,0.0
before,4,row,true,false,recent,,,128,warm,,,,,,,32,3937.259,3936.184,,,,17262.0,6018459.0,,,0.0
before,4,row,true,true,recent,,,16,cold,,,,,,,1,678.970,667.021,,,,1303.0,838138.0,,,0.0
before,4,row,true,true,recent,,,16,warm,,,,,,,32,324.662,324.722,,,,960.0,616469.0,,,0.0
before,4,row,true,false,recent,,,16,cold,,,,,,,1,659.013,692.803,,,,1639.0,758580.0,,,0.0
before,4,row,true,false,recent,,,16,warm,,,,,,,32,596.216,596.313,,,,2722.3,896591.2,,,0.0
before,4,verb,false,false,,0,8,,,,,,,,0,60,1167.763,160.182,1091.340,76.423,2.839,,,,,
before,4,verb,false,false,,0,8,,,,,,,,10,60,11080.033,461.422,10882.341,197.692,9.227,,,,,
before,4,verb,false,false,,1024,8,,,,,,,,0,60,10023.969,9359.635,1160.407,8863.563,7.697,,,,,
before,4,verb,false,false,,128,8,,,,,,,,0,60,1542.702,1085.764,592.841,949.861,3.516,,,,,
before,4,verb,false,false,,4096,8,,,,,,,,0,60,47444.880,47834.849,1175.468,46269.412,9.557,,,,,
before,4,verb,false,false,,4096,8,,,,,,,,10,60,46429.543,42957.636,4130.306,42299.237,9.718,,,,,
before,4,verb,true,false,,0,8,,,,,,,,0,60,1180.580,158.472,1110.682,69.898,2.577,287.4,129353.4,,,
before,4,verb,true,false,,0,8,,,,,,,,10,60,11003.528,382.324,10823.741,179.786,7.750,286.9,129110.8,,,
before,4,verb,true,false,,1024,8,,,,,,,,0,60,10450.335,9718.363,1147.823,9302.512,6.521,52579.0,13736518.8,,,
before,4,verb,true,false,,128,8,,,,,,,,0,60,1683.137,1180.219,638.538,1044.599,3.248,6810.6,1817250.8,,,
before,4,verb,true,false,,4096,8,,,,,,,,0,60,49109.143,49342.374,1164.013,47945.130,8.854,209499.8,54609386.4,,,
before,4,verb,true,false,,4096,8,,,,,,,,10,60,56359.123,50311.962,6812.417,49546.705,9.498,209256.2,54491039.8,,,
before,5,build,false,false,,,,,,,,128,128,128,,,348464.0,261653.00000000003,,,,,,,,
before,5,build,false,false,,,,,,,,128,128,16,,,1525458.0,520402.00000000006,,,,,,,,
before,5,build,false,false,,,,,,,,16,1024,128,,,345524.0,258178.99999999997,,,,,,,,
before,5,build,false,false,,,,,,,,16,128,128,,,40872.0,30952.0,,,,,,,,
before,5,index,false,false,,,,,,1024,1,,,,,20,1214.407,185.140,,,2.199,,,,,
before,5,index,false,false,,,,,,1024,1024,,,,,20,5445.997,5569.848,,,3.414,,,,,
before,5,index,false,false,,,,,,65536,1,,,,,20,1214.924,192.904,,,2.350,,,,,
before,5,index,false,false,,,,,,65536,1024,,,,,20,8075.444,8272.087,,,5.898,,,,,
before,5,index,true,false,,,,,,1024,1,,,,,20,1201.410,183.228,,,2.422,475.5,161683.6,,,
before,5,index,true,false,,,,,,1024,1024,,,,,20,6622.895,6857.223,,,4.512,67459.6,5905893.5,,,
before,5,index,true,false,,,,,,65536,1,,,,,20,1224.200,208.915,,,2.704,476.4,162199.2,,,
before,5,index,true,false,,,,,,65536,1024,,,,,20,8863.070,9096.093,,,5.250,67472.2,5912131.2,,,
before,5,memory,true,false,,,,,,,,128,128,128,,,2225498.0,,,,,,309099863,38872351,37844325,
before,5,memory,true,false,,,,,,,,128,128,16,,,4118290.0,,,,,,438516358,39897333,39232299,
before,5,memory,true,false,,,,,,,,16,1024,128,,,2277780.0,,,,,,308491665,38935672,37907572,
before,5,memory,true,false,,,,,,,,16,128,128,,,277281.0,,,,,,40186401,5339638,4769302,
before,5,row,false,false,files,,,1024,cold,,,,,,,1,12152.594,12183.647,,,,,,,,1024.0
before,5,row,false,false,files,,,1024,warm,,,,,,,32,3306.281,3306.352,,,,,,,,0.0
before,5,row,false,false,files,,,128,cold,,,,,,,1,2357.844,2374.642,,,,,,,,128.0
before,5,row,false,false,files,,,128,warm,,,,,,,32,427.706,427.746,,,,,,,,0.0
before,5,row,false,false,files,,,16,cold,,,,,,,1,1284.475,1304.283,,,,,,,,16.0
before,5,row,false,false,files,,,16,warm,,,,,,,32,90.986,91.017,,,,,,,,0.0
before,5,row,false,false,inline,,,1024,cold,,,,,,,1,13818.630,13858.892,,,,,,,,0.0
before,5,row,false,false,inline,,,1024,warm,,,,,,,32,8863.074,8862.936,,,,,,,,0.0
before,5,row,false,false,inline,,,128,cold,,,,,,,1,1986.130,2021.247,,,,,,,,0.0
before,5,row,false,false,inline,,,128,warm,,,,,,,32,1050.675,1050.769,,,,,,,,0.0
before,5,row,false,false,inline,,,16,cold,,,,,,,1,592.584,635.903,,,,,,,,0.0
before,5,row,false,false,inline,,,16,warm,,,,,,,32,178.007,160.698,,,,,,,,0.0
before,5,row,false,true,recent,,,1024,cold,,,,,,,1,21600.005,21634.685,,,,,,,,0.0
before,5,row,false,true,recent,,,1024,warm,,,,,,,32,20397.706,20388.759,,,,,,,,0.0
before,5,row,false,false,recent,,,1024,cold,,,,,,,1,23298.125,23334.383,,,,,,,,0.0
before,5,row,false,false,recent,,,1024,warm,,,,,,,32,34719.969,34717.845,,,,,,,,0.0
before,5,row,false,false,recent,,,128,cold,,,,,,,1,3016.176,3042.003,,,,,,,,0.0
before,5,row,false,false,recent,,,128,warm,,,,,,,32,3746.919,3747.004,,,,,,,,0.0
before,5,row,false,true,recent,,,16,cold,,,,,,,1,515.262,533.725,,,,,,,,0.0
before,5,row,false,true,recent,,,16,warm,,,,,,,32,319.605,318.690,,,,,,,,0.0
before,5,row,false,false,recent,,,16,cold,,,,,,,1,607.681,628.420,,,,,,,,0.0
before,5,row,false,false,recent,,,16,warm,,,,,,,32,500.216,499.726,,,,,,,,0.0
before,5,row,true,false,files,,,1024,cold,,,,,,,1,14778.083,14807.690,,,,106137.0,19866225.0,,,1024.0
before,5,row,true,false,files,,,1024,warm,,,,,,,32,3737.257,3735.699,,,,30061.0,5016692.0,,,0.0
before,5,row,true,false,files,,,128,cold,,,,,,,1,2578.451,2597.072,,,,15793.0,4764614.0,,,128.0
before,5,row,true,false,files,,,128,warm,,,,,,,32,523.114,499.974,,,,4074.2,658807.0,,,0.0
before,5,row,true,false,files,,,16,cold,,,,,,,1,730.706,754.762,,,,2924.0,492357.0,,,16.0
before,5,row,true,false,files,,,16,warm,,,,,,,32,97.042,97.068,,,,823.6,113577.0,,,0.0
before,5,row,true,false,inline,,,1024,cold,,,,,,,1,14057.467,14105.217,,,,51049.0,32473743.0,,,0.0
before,5,row,true,false,inline,,,1024,warm,,,,,,,32,9669.255,9667.386,,,,22061.0,24146111.0,,,0.0
before,5,row,true,false,inline,,,128,cold,,,,,,,1,2175.105,2218.827,,,,7620.0,4021484.0,,,0.0
before,5,row,true,false,inline,,,128,warm,,,,,,,32,1064.431,1064.500,,,,3226.8,3150296.2,,,0.0
before,5,row,true,false,inline,,,16,cold,,,,,,,1,991.068,1035.460,,,,3858.0,2848908.0,,,0.0
before,5,row,true,false,inline,,,16,warm,,,,,,,32,167.094,167.145,,,,812.1,449121.0,,,0.0
before,5,row,true,true,recent,,,1024,cold,,,,,,,1,30366.488,30410.556,,,,28995.0,34712125.0,,,0.0
before,5,row,true,true,recent,,,1024,warm,,,,,,,32,20799.072,20798.090,,,,25871.0,34112161.0,,,0.0
before,5,row,true,false,recent,,,1024,cold,,,,,,,1,25004.780,25042.514,,,,52375.0,42086139.0,,,0.0
before,5,row,true,false,recent,,,1024,warm,,,,,,,32,35227.735,35226.919,,,,144135.1,48626728.0,,,0.0
before,5,row,true,false,recent,,,128,cold,,,,,,,1,3207.583,3234.463,,,,7139.0,5117468.0,,,0.0
before,5,row,true,false,recent,,,128,warm,,,,,,,32,4181.098,4177.237,,,,17262.9,6018914.0,,,0.0
before,5,row,true,true,recent,,,16,cold,,,,,,,1,545.582,570.638,,,,1115.0,639995.0,,,0.0
before,5,row,true,true,recent,,,16,warm,,,,,,,32,320.096,320.152,,,,966.0,622693.5,,,0.0
before,5,row,true,false,recent,,,16,cold,,,,,,,1,985.892,1014.281,,,,3140.0,2877420.0,,,0.0
before,5,row,true,false,recent,,,16,warm,,,,,,,32,490.702,490.758,,,,2674.0,829875.0,,,0.0
before,5,verb,false,false,,0,8,,,,,,,,0,60,1151.732,148.992,1092.968,58.763,2.744,,,,,
before,5,verb,false,false,,0,8,,,,,,,,10,60,11042.640,382.290,10876.534,166.105,7.795,,,,,
before,5,verb,false,false,,1024,8,,,,,,,,0,60,9083.700,8292.373,1119.980,7963.720,6.482,,,,,
before,5,verb,false,false,,128,8,,,,,,,,0,60,1473.218,945.479,628.932,844.286,2.530,,,,,
before,5,verb,false,false,,4096,8,,,,,,,,0,60,45893.803,45866.080,1160.680,44733.122,9.066,,,,,
before,5,verb,false,false,,4096,8,,,,,,,,10,60,53177.116,46004.213,7680.802,45496.314,10.150,,,,,
before,5,verb,true,false,,0,8,,,,,,,,0,60,1128.085,139.131,1070.537,57.548,2.377,287.1,129207.8,,,
before,5,verb,true,false,,0,8,,,,,,,,10,60,11026.683,396.814,10842.772,183.911,7.324,286.9,129110.8,,,
before,5,verb,true,false,,1024,8,,,,,,,,0,60,10503.633,9776.539,1131.127,9372.506,6.626,52578.5,13736276.1,,,
before,5,verb,true,false,,128,8,,,,,,,,0,60,1625.923,1112.631,642.732,983.191,3.357,6810.0,1816959.6,,,
before,5,verb,true,false,,4096,8,,,,,,,,0,60,48002.939,48075.326,1164.173,46838.766,8.786,209492.6,54605870.5,,,
before,5,verb,true,false,,4096,8,,,,,,,,10,60,55319.878,47605.990,8368.955,46950.923,9.835,209255.0,54490555.3,,,
before,6,build,false,false,,,,,,,,128,128,128,,,349612.0,260557.00000000003,,,,,,,,
before,6,build,false,false,,,,,,,,128,128,16,,,1573936.0,564478.0,,,,,,,,
before,6,build,false,false,,,,,,,,16,1024,128,,,405237.0,318710.0,,,,,,,,
before,6,build,false,false,,,,,,,,16,128,128,,,43242.0,34758.0,,,,,,,,
before,6,index,false,false,,,,,,1024,1,,,,,20,1240.619,215.984,,,2.285,,,,,
before,6,index,false,false,,,,,,1024,1024,,,,,20,5979.124,6290.599,,,5.912,,,,,
before,6,index,false,false,,,,,,65536,1,,,,,20,1215.063,177.754,,,2.015,,,,,
before,6,index,false,false,,,,,,65536,1024,,,,,20,7388.292,7470.434,,,4.051,,,,,
before,6,index,true,false,,,,,,1024,1,,,,,20,1134.793,166.059,,,2.192,475.2,161538.0,,,
before,6,index,true,false,,,,,,1024,1024,,,,,20,6490.665,6720.937,,,4.025,67459.3,5905747.9,,,
before,6,index,true,false,,,,,,65536,1,,,,,20,1236.413,212.002,,,2.259,475.8,161908.0,,,
before,6,index,true,false,,,,,,65536,1024,,,,,20,9339.594,9791.731,,,6.347,67475.8,5913878.4,,,
before,6,memory,true,false,,,,,,,,128,128,128,,,2239459.0,,,,,,309115055,38872747,37844721,
before,6,memory,true,false,,,,,,,,128,128,16,,,3895715.0,,,,,,438027761,39898269,39233235,
before,6,memory,true,false,,,,,,,,16,1024,128,,,2258873.0,,,,,,309014175,38935526,37907572,
before,6,memory,true,false,,,,,,,,16,128,128,,,281256.0,,,,,,40210212,5340503,4769918,
before,6,row,false,false,files,,,1024,cold,,,,,,,1,12276.368,12310.423,,,,,,,,1024.0
before,6,row,false,false,files,,,1024,warm,,,,,,,32,3394.313,3392.768,,,,,,,,0.0
before,6,row,false,false,files,,,128,cold,,,,,,,1,2272.265,2280.723,,,,,,,,128.0
before,6,row,false,false,files,,,128,warm,,,,,,,32,440.733,440.774,,,,,,,,0.0
before,6,row,false,false,files,,,16,cold,,,,,,,1,1159.670,1189.219,,,,,,,,16.0
before,6,row,false,false,files,,,16,warm,,,,,,,32,88.445,88.470,,,,,,,,0.0
before,6,row,false,false,inline,,,1024,cold,,,,,,,1,13558.584,13580.261,,,,,,,,0.0
before,6,row,false,false,inline,,,1024,warm,,,,,,,32,9538.593,9538.411,,,,,,,,0.0
before,6,row,false,false,inline,,,128,cold,,,,,,,1,2372.391,2404.947,,,,,,,,0.0
before,6,row,false,false,inline,,,128,warm,,,,,,,32,1058.686,1058.418,,,,,,,,0.0
before,6,row,false,false,inline,,,16,cold,,,,,,,1,687.059,727.517,,,,,,,,0.0
before,6,row,false,false,inline,,,16,warm,,,,,,,32,154.823,154.882,,,,,,,,0.0
before,6,row,false,true,recent,,,1024,cold,,,,,,,1,20309.885,20345.093,,,,,,,,0.0
before,6,row,false,true,recent,,,1024,warm,,,,,,,32,20845.439,20843.629,,,,,,,,0.0
before,6,row,false,false,recent,,,1024,cold,,,,,,,1,22527.693,22537.629,,,,,,,,0.0
before,6,row,false,false,recent,,,1024,warm,,,,,,,32,33564.841,33562.888,,,,,,,,0.0
before,6,row,false,false,recent,,,128,cold,,,,,,,1,5315.764,5342.277,,,,,,,,0.0
before,6,row,false,false,recent,,,128,warm,,,,,,,32,4257.530,4227.301,,,,,,,,0.0
before,6,row,false,true,recent,,,16,cold,,,,,,,1,523.436,542.114,,,,,,,,0.0
before,6,row,false,true,recent,,,16,warm,,,,,,,32,310.501,310.556,,,,,,,,0.0
before,6,row,false,false,recent,,,16,cold,,,,,,,1,969.350,988.483,,,,,,,,0.0
before,6,row,false,false,recent,,,16,warm,,,,,,,32,467.849,467.908,,,,,,,,0.0
before,6,row,true,false,files,,,1024,cold,,,,,,,1,13443.944,13478.506,,,,107553.0,21968786.0,,,1024.0
before,6,row,true,false,files,,,1024,warm,,,,,,,32,4694.925,4695.007,,,,30061.0,5016692.0,,,0.0
before,6,row,true,false,files,,,128,cold,,,,,,,1,2161.938,2177.220,,,,14385.0,2665485.0,,,128.0
before,6,row,true,false,files,,,128,warm,,,,,,,32,494.326,494.378,,,,4074.0,658716.0,,,0.0
before,6,row,true,false,files,,,16,cold,,,,,,,1,1302.597,1334.039,,,,4336.0,2592526.0,,,16.0
before,6,row,true,false,files,,,16,warm,,,,,,,32,99.805,99.830,,,,823.8,113668.0,,,0.0
before,6,row,true,false,inline,,,1024,cold,,,,,,,1,13356.009,13406.199,,,,49524.0,30349953.0,,,0.0
before,6,row,true,false,inline,,,1024,warm,,,,,,,32,9150.299,9147.606,,,,22061.0,24146111.0,,,0.0
before,6,row,true,false,inline,,,128,cold,,,,,,,1,3627.618,3689.401,,,,9174.0,6154840.0,,,0.0
before,6,row,true,false,inline,,,128,warm,,,,,,,32,1077.564,1077.633,,,,3179.0,3083853.0,,,0.0
before,6,row,true,false,inline,,,16,cold,,,,,,,1,993.705,1031.071,,,,3861.0,2849860.0,,,0.0
before,6,row,true,false,inline,,,16,warm,,,,,,,32,159.599,159.646,,,,811.9,449030.0,,,0.0
before,6,row,true,true,recent,,,1024,cold,,,,,,,1,22290.081,22335.708,,,,28802.0,34511774.0,,,0.0
before,6,row,true,true,recent,,,1024,warm,,,,,,,32,20575.401,20571.024,,,,25871.0,34112161.0,,,0.0
before,6,row,true,false,recent,,,1024,cold,,,,,,,1,24407.057,23939.655,,,,52369.0,42083227.0,,,0.0
before,6,row,true,false,recent,,,1024,warm,,,,,,,32,35322.361,35301.586,,,,144135.4,48626910.0,,,0.0
before,6,row,true,false,recent,,,128,cold,,,,,,,1,3469.565,3454.854,,,,8660.0,7240490.0,,,0.0
before,6,row,true,false,recent,,,128,warm,,,,,,,32,4080.299,4080.401,,,,17262.6,6018732.0,,,0.0
before,6,row,true,true,recent,,,16,cold,,,,,,,1,506.225,527.702,,,,1112.0,639043.0,,,0.0
before,6,row,true,true,recent,,,16,warm,,,,,,,32,317.964,318.006,,,,960.0,616469.0,,,0.0
before,6,row,true,false,recent,,,16,cold,,,,,,,1,707.535,742.282,,,,1639.0,758580.0,,,0.0
before,6,row,true,false,recent,,,16,warm,,,,,,,32,510.051,510.105,,,,2721.8,896318.2,,,0.0
before,6,verb,false,false,,0,8,,,,,,,,0,60,1135.534,141.050,1071.723,63.811,2.444,,,,,
before,6,verb,false,false,,0,8,,,,,,,,10,60,11074.237,421.903,10903.354,170.882,9.386,,,,,
before,6,verb,false,false,,1024,8,,,,,,,,0,60,9452.133,8673.962,1144.565,8307.567,6.860,,,,,
before,6,verb,false,false,,128,8,,,,,,,,0,60,1596.973,1003.421,708.095,888.879,3.038,,,,,
before,6,verb,false,false,,4096,8,,,,,,,,0,60,45580.389,45503.531,1178.756,44401.633,8.975,,,,,
before,6,verb,false,false,,4096,8,,,,,,,,10,60,52872.251,45789.785,7740.569,45131.682,10.157,,,,,
before,6,verb,true,false,,0,8,,,,,,,,0,60,1172.002,145.645,1104.131,67.871,2.912,287.3,129304.9,,,
before,6,verb,true,false,,0,8,,,,,,,,10,60,11100.935,438.951,10925.998,174.937,9.358,286.9,129110.8,,,
before,6,verb,true,false,,1024,8,,,,,,,,0,60,10227.719,9440.633,1149.086,9078.632,6.403,52577.7,13735887.8,,,
before,6,verb,true,false,,128,8,,,,,,,,0,60,1431.825,1063.459,486.879,944.946,3.118,6809.1,1816522.8,,,
before,6,verb,true,false,,4096,8,,,,,,,,0,60,50933.816,51172.011,1182.492,49751.324,9.457,209508.8,54613732.9,,,
before,6,verb,true,false,,4096,8,,,,,,,,10,60,56348.499,49104.455,8060.470,48288.029,8.768,209255.5,54490798.0,,,
review,0,build,false,false,,,,,,,,128,128,128,,,308911.0,223678.0,,,,,,,,
review,0,build,false,false,,,,,,,,128,128,16,,,1521874.0,524883.0,,,,,,,,
review,0,build,false,false,,,,,,,,16,1024,128,,,293267.0,207844.0,,,,,,,,
review,0,build,false,false,,,,,,,,16,128,128,,,40849.0,28873.0,,,,,,,,
review,0,index,false,false,,,,,,1024,1,,,,,20,1197.762,181.997,,,2.738,,,,,
review,0,index,false,false,,,,,,1024,1024,,,,,20,2363.264,2360.786,,,3.297,,,,,
review,0,index,false,false,,,,,,65536,1,,,,,20,1195.697,179.478,,,2.289,,,,,
review,0,index,false,false,,,,,,65536,1024,,,,,20,2456.112,2422.574,,,3.361,,,,,
review,0,index,true,false,,,,,,1024,1,,,,,20,1129.848,165.444,,,2.200,414.9,178774.0,,,
review,0,index,true,false,,,,,,1024,1024,,,,,20,2532.871,2603.757,,,3.278,13800.5,2904416.3,,,
review,0,index,true,false,,,,,,65536,1,,,,,20,1200.052,187.165,,,2.657,415.6,179144.4,,,
review,0,index,true,false,,,,,,65536,1024,,,,,20,2439.667,2426.514,,,3.001,13799.4,2903855.6,,,
review,0,memory,true,false,,,,,,,,128,128,128,,,872498.0,,,,,,164793242,22586603,21092427,
review,0,memory,true,false,,,,,,,,128,128,16,,,2719185.0,,,,,,339442319,24003254,22636909,
review,0,memory,true,false,,,,,,,,16,1024,128,,,803659.0,,,,,,159661199,23457863,21075461,
review,0,memory,true,false,,,,,,,,16,128,128,,,104926.0,,,,,,21553393,3216359,2669484,
review,0,row,false,false,files,,,1024,cold,,,,,,,1,12605.598,12641.742,,,,,,,,1024.0
review,0,row,false,false,files,,,1024,warm,,,,,,,32,25.419,25.441,,,,,,,,0.0
review,0,row,false,false,files,,,128,cold,,,,,,,1,2018.827,2031.580,,,,,,,,128.0
review,0,row,false,false,files,,,128,warm,,,,,,,32,23.814,23.835,,,,,,,,0.0
review,0,row,false,false,files,,,16,cold,,,,,,,1,1201.231,1219.850,,,,,,,,16.0
review,0,row,false,false,files,,,16,warm,,,,,,,32,22.873,22.890,,,,,,,,0.0
review,0,row,false,false,inline,,,1024,cold,,,,,,,1,4136.733,4158.563,,,,,,,,0.0
review,0,row,false,false,inline,,,1024,warm,,,,,,,32,30.156,30.181,,,,,,,,0.0
review,0,row,false,false,inline,,,128,cold,,,,,,,1,1246.694,1273.923,,,,,,,,0.0
review,0,row,false,false,inline,,,128,warm,,,,,,,32,43.699,43.754,,,,,,,,0.0
review,0,row,false,false,inline,,,16,cold,,,,,,,1,477.277,498.432,,,,,,,,0.0
review,0,row,false,false,inline,,,16,warm,,,,,,,32,30.730,30.757,,,,,,,,0.0
review,0,row,false,true,recent,,,1024,cold,,,,,,,1,2563.366,2577.792,,,,,,,,0.0
review,0,row,false,true,recent,,,1024,warm,,,,,,,32,76.963,76.985,,,,,,,,0.0
review,0,row,false,false,recent,,,1024,cold,,,,,,,1,4338.664,4355.680,,,,,,,,0.0
review,0,row,false,false,recent,,,1024,warm,,,,,,,32,61.962,61.990,,,,,,,,0.0
review,0,row,false,false,recent,,,128,cold,,,,,,,1,1198.103,1210.561,,,,,,,,0.0
review,0,row,false,false,recent,,,128,warm,,,,,,,32,59.655,59.699,,,,,,,,0.0
review,0,row,false,true,recent,,,16,cold,,,,,,,1,320.218,329.708,,,,,,,,0.0
review,0,row,false,true,recent,,,16,warm,,,,,,,32,76.351,76.390,,,,,,,,0.0
review,0,row,false,false,recent,,,16,cold,,,,,,,1,652.144,665.488,,,,,,,,0.0
review,0,row,false,false,recent,,,16,warm,,,,,,,32,56.644,56.662,,,,,,,,0.0
review,0,row,true,false,files,,,1024,cold,,,,,,,1,13562.521,13585.142,,,,107972.0,20680798.0,,,1024.0
review,0,row,true,false,files,,,1024,warm,,,,,,,32,28.881,28.909,,,,211.2,24019.0,,,0.0
review,0,row,true,false,files,,,128,cold,,,,,,,1,2271.806,2296.275,,,,14527.0,2812730.0,,,128.0
review,0,row,true,false,files,,,128,warm,,,,,,,32,26.967,26.992,,,,211.2,24019.0,,,0.0
review,0,row,true,false,files,,,16,cold,,,,,,,1,1193.958,1214.489,,,,4363.0,2697185.0,,,16.0
review,0,row,true,false,files,,,16,warm,,,,,,,32,27.484,27.515,,,,211.2,24019.0,,,0.0
review,0,row,true,false,inline,,,1024,cold,,,,,,,1,5039.250,5072.867,,,,51025.0,13886133.0,,,0.0
review,0,row,true,false,inline,,,1024,warm,,,,,,,32,33.970,33.989,,,,299.4,37932.0,,,0.0
review,0,row,true,false,inline,,,128,cold,,,,,,,1,1350.399,1380.932,,,,9130.0,3900793.0,,,0.0
review,0,row,true,false,inline,,,128,warm,,,,,,,32,33.607,33.626,,,,299.4,37932.0,,,0.0
review,0,row,true,false,inline,,,16,cold,,,,,,,1,504.929,527.510,,,,2314.0,519584.0,,,0.0
review,0,row,true,false,inline,,,16,warm,,,,,,,32,33.922,33.943,,,,299.4,37932.0,,,0.0
review,0,row,true,true,recent,,,1024,cold,,,,,,,1,2906.390,2922.593,,,,27071.0,6313739.0,,,0.0
review,0,row,true,true,recent,,,1024,warm,,,,,,,32,87.055,87.082,,,,707.0,90296.0,,,0.0
review,0,row,true,false,recent,,,1024,cold,,,,,,,1,5050.314,5066.265,,,,50374.0,13683416.0,,,0.0
review,0,row,true,false,recent,,,1024,warm,,,,,,,32,71.885,71.924,,,,533.4,70528.0,,,0.0
review,0,row,true,false,recent,,,128,cold,,,,,,,1,1216.121,1230.615,,,,8457.0,3696841.0,,,0.0
review,0,row,true,false,recent,,,128,warm,,,,,,,32,69.843,69.880,,,,511.4,68285.0,,,0.0
review,0,row,true,true,recent,,,16,cold,,,,,,,1,269.331,282.165,,,,1230.0,209645.0,,,0.0
review,0,row,true,true,recent,,,16,warm,,,,,,,32,85.129,85.153,,,,693.0,94336.5,,,0.0
review,0,row,true,false,recent,,,16,cold,,,,,,,1,755.891,774.886,,,,3168.0,2440561.0,,,0.0
review,0,row,true,false,recent,,,16,warm,,,,,,,32,67.392,67.426,,,,513.4,68344.0,,,0.0
review,0,verb,false,false,,0,8,,,,,,,,0,60,1165.747,145.155,1099.684,66.063,2.397,,,,,
review,0,verb,false,false,,0,8,,,,,,,,10,60,11058.378,405.648,10882.365,176.013,7.836,,,,,
review,0,verb,false,false,,1024,8,,,,,,,,0,60,1190.447,176.074,1114.882,75.565,2.737,,,,,
review,0,verb,false,false,,128,8,,,,,,,,0,60,1160.314,184.457,1077.803,82.512,3.308,,,,,
review,0,verb,false,false,,4096,8,,,,,,,,0,60,1158.450,159.265,1085.978,72.472,2.515,,,,,
review,0,verb,false,false,,4096,8,,,,,,,,10,60,11152.951,490.017,10939.818,213.134,9.716,,,,,
review,0,verb,true,false,,0,8,,,,,,,,0,60,1171.822,152.294,1108.203,63.619,2.805,242.8,121401.6,,,
review,0,verb,true,false,,0,8,,,,,,,,10,60,11085.084,399.936,10925.432,159.653,8.235,241.9,120964.8,,,
review,0,verb,true,false,,1024,8,,,,,,,,0,60,1171.119,153.740,1103.121,67.998,2.628,258.6,132718.6,,,
review,0,verb,true,false,,128,8,,,,,,,,0,60,1201.408,222.233,1090.480,110.928,3.399,256.3,130523.1,,,
review,0,verb,true,false,,4096,8,,,,,,,,0,60,1199.150,181.423,1112.095,87.055,3.109,260.6,140022.0,,,
review,0,verb,true,false,,4096,8,,,,,,,,10,60,11115.514,523.815,10876.879,238.635,9.317,260.9,142163.3,,,
review,1,build,false,false,,,,,,,,128,128,128,,,304028.0,220179.0,,,,,,,,
review,1,build,false,false,,,,,,,,128,128,16,,,1542953.0,550209.0,,,,,,,,
review,1,build,false,false,,,,,,,,16,1024,128,,,287348.0,197543.0,,,,,,,,
review,1,build,false,false,,,,,,,,16,128,128,,,39854.0,28247.0,,,,,,,,
review,1,index,false,false,,,,,,1024,1,,,,,20,1201.700,181.511,,,2.571,,,,,
review,1,index,false,false,,,,,,1024,1024,,,,,20,2349.081,2351.692,,,3.342,,,,,
review,1,index,false,false,,,,,,65536,1,,,,,20,1205.107,199.367,,,2.936,,,,,
review,1,index,false,false,,,,,,65536,1024,,,,,20,2391.273,2425.287,,,3.876,,,,,
review,1,index,true,false,,,,,,1024,1,,,,,20,1187.588,219.794,,,2.322,415.6,179065.2,,,
review,1,index,true,false,,,,,,1024,1024,,,,,20,2434.918,2480.720,,,2.993,13799.4,2903733.5,,,
review,1,index,true,false,,,,,,65536,1,,,,,20,1233.820,214.084,,,2.986,415.2,178998.8,,,
review,1,index,true,false,,,,,,65536,1024,,,,,20,2480.870,2445.676,,,3.041,13800.0,2904146.8,,,
review,1,memory,true,false,,,,,,,,128,128,128,,,880578.0,,,,,,164828020,22586603,21092427,
review,1,memory,true,false,,,,,,,,128,128,16,,,2657651.0,,,,,,339280991,24003254,22636909,
review,1,memory,true,false,,,,,,,,16,1024,128,,,802585.0,,,,,,159453053,23458271,21075869,
review,1,memory,true,false,,,,,,,,16,128,128,,,111290.0,,,,,,21821718,3216791,2669916,
review,1,row,false,false,files,,,1024,cold,,,,,,,1,21410.319,21430.869,,,,,,,,1024.0
review,1,row,false,false,files,,,1024,warm,,,,,,,32,40.024,40.074,,,,,,,,0.0
review,1,row,false,false,files,,,128,cold,,,,,,,1,2635.643,2656.263,,,,,,,,128.0
review,1,row,false,false,files,,,128,warm,,,,,,,32,23.164,23.182,,,,,,,,0.0
review,1,row,false,false,files,,,16,cold,,,,,,,1,1376.815,1398.824,,,,,,,,16.0
review,1,row,false,false,files,,,16,warm,,,,,,,32,23.925,23.953,,,,,,,,0.0
review,1,row,false,false,inline,,,1024,cold,,,,,,,1,5010.128,5038.855,,,,,,,,0.0
review,1,row,false,false,inline,,,1024,warm,,,,,,,32,36.061,36.194,,,,,,,,0.0
review,1,row,false,false,inline,,,128,cold,,,,,,,1,1032.875,1034.224,,,,,,,,0.0
review,1,row,false,false,inline,,,128,warm,,,,,,,32,30.675,30.696,,,,,,,,0.0
review,1,row,false,false,inline,,,16,cold,,,,,,,1,1207.996,1239.441,,,,,,,,0.0
review,1,row,false,false,inline,,,16,warm,,,,,,,32,47.203,47.239,,,,,,,,0.0
review,1,row,false,true,recent,,,1024,cold,,,,,,,1,2535.568,2550.534,,,,,,,,0.0
review,1,row,false,true,recent,,,1024,warm,,,,,,,32,77.701,77.142,,,,,,,,0.0
review,1,row,false,false,recent,,,1024,cold,,,,,,,1,4327.233,4344.675,,,,,,,,0.0
review,1,row,false,false,recent,,,1024,warm,,,,,,,32,61.356,61.383,,,,,,,,0.0
review,1,row,false,false,recent,,,128,cold,,,,,,,1,1038.705,1047.183,,,,,,,,0.0
review,1,row,false,false,recent,,,128,warm,,,,,,,32,56.374,56.398,,,,,,,,0.0
review,1,row,false,true,recent,,,16,cold,,,,,,,1,442.666,449.288,,,,,,,,0.0
review,1,row,false,true,recent,,,16,warm,,,,,,,32,77.516,77.544,,,,,,,,0.0
review,1,row,false,false,recent,,,16,cold,,,,,,,1,369.243,385.481,,,,,,,,0.0
review,1,row,false,false,recent,,,16,warm,,,,,,,32,56.994,57.015,,,,,,,,0.0
review,1,row,true,false,files,,,1024,cold,,,,,,,1,13667.184,13686.284,,,,109387.0,22746223.0,,,1024.0
review,1,row,true,false,files,,,1024,warm,,,,,,,32,26.914,26.932,,,,211.2,24019.0,,,0.0
review,1,row,true,false,files,,,128,cold,,,,,,,1,2620.542,2637.969,,,,15953.0,4919243.0,,,128.0
review,1,row,true,false,files,,,128,warm,,,,,,,32,25.493,25.509,,,,211.2,24019.0,,,0.0
review,1,row,true,false,files,,,16,cold,,,,,,,1,944.359,961.105,,,,2957.0,598576.0,,,16.0
review,1,row,true,false,files,,,16,warm,,,,,,,32,25.354,25.371,,,,211.2,24019.0,,,0.0
review,1,row,true,false,inline,,,1024,cold,,,,,,,1,5017.252,5059.456,,,,51024.0,13884965.0,,,0.0
review,1,row,true,false,inline,,,1024,warm,,,,,,,32,34.492,34.512,,,,299.4,37932.0,,,0.0
review,1,row,true,false,inline,,,128,cold,,,,,,,1,1423.856,1444.298,,,,9130.0,3900721.0,,,0.0
review,1,row,true,false,inline,,,128,warm,,,,,,,32,32.736,32.754,,,,299.4,37932.0,,,0.0
review,1,row,true,false,inline,,,16,cold,,,,,,,1,500.540,524.839,,,,2315.0,519672.0,,,0.0
review,1,row,true,false,inline,,,16,warm,,,,,,,32,44.510,44.537,,,,347.0,104284.2,,,0.0
review,1,row,true,true,recent,,,1024,cold,,,,,,,1,2954.877,2969.228,,,,27071.0,6313739.0,,,0.0
review,1,row,true,true,recent,,,1024,warm,,,,,,,32,89.611,89.643,,,,707.0,90296.0,,,0.0
review,1,row,true,false,recent,,,1024,cold,,,,,,,1,4911.318,4928.347,,,,50374.0,13683416.0,,,0.0
review,1,row,true,false,recent,,,1024,warm,,,,,,,32,68.889,68.911,,,,533.4,70528.0,,,0.0
review,1,row,true,false,recent,,,128,cold,,,,,,,1,1088.880,1116.454,,,,6934.0,1573571.0,,,0.0
review,1,row,true,false,recent,,,128,warm,,,,,,,32,64.149,64.168,,,,511.6,68376.0,,,0.0
review,1,row,true,true,recent,,,16,cold,,,,,,,1,338.984,347.645,,,,1420.0,408308.0,,,0.0
review,1,row,true,true,recent,,,16,warm,,,,,,,32,83.058,83.078,,,,687.0,88112.0,,,0.0
review,1,row,true,false,recent,,,16,cold,,,,,,,1,378.457,389.876,,,,1644.0,315851.0,,,0.0
review,1,row,true,false,recent,,,16,warm,,,,,,,32,90.681,90.734,,,,561.2,134787.2,,,0.0
review,1,verb,false,false,,0,8,,,,,,,,0,60,1170.895,150.856,1099.986,70.909,2.252,,,,,
review,1,verb,false,false,,0,8,,,,,,,,10,60,11069.216,437.329,10895.717,173.499,10.170,,,,,
review,1,verb,false,false,,1024,8,,,,,,,,0,60,1187.647,165.810,1099.530,88.118,2.390,,,,,
review,1,verb,false,false,,128,8,,,,,,,,0,60,1165.627,147.182,1104.419,61.208,2.572,,,,,
review,1,verb,false,false,,4096,8,,,,,,,,0,60,1186.050,169.582,1104.543,81.508,2.632,,,,,
review,1,verb,false,false,,4096,8,,,,,,,,10,60,11124.123,459.785,10916.455,207.668,8.678,,,,,
review,1,verb,true,false,,0,8,,,,,,,,0,60,1178.803,161.593,1114.692,64.110,3.012,242.3,121158.9,,,
review,1,verb,true,false,,0,8,,,,,,,,10,60,11104.420,415.747,10937.344,167.077,9.283,241.9,120964.8,,,
review,1,verb,true,false,,1024,8,,,,,,,,0,60,1194.046,181.321,1117.383,76.663,3.288,258.3,132573.0,,,
review,1,verb,true,false,,128,8,,,,,,,,0,60,1186.224,174.442,1113.191,73.033,3.008,256.4,130576.8,,,
review,1,verb,true,false,,4096,8,,,,,,,,0,60,1222.513,209.271,1118.110,104.403,3.305,260.8,140119.1,,,
review,1,verb,true,false,,4096,8,,,,,,,,10,60,11083.259,421.519,10912.243,171.015,8.636,260.9,142163.3,,,
review,2,build,false,false,,,,,,,,128,128,128,,,314493.0,227186.0,,,,,,,,
review,2,build,false,false,,,,,,,,128,128,16,,,1509393.0,509665.0,,,,,,,,
review,2,build,false,false,,,,,,,,16,1024,128,,,285967.0,195624.0,,,,,,,,
review,2,build,false,false,,,,,,,,16,128,128,,,38673.0,27943.0,,,,,,,,
review,2,index,false,false,,,,,,1024,1,,,,,20,1195.558,178.765,,,2.625,,,,,
review,2,index,false,false,,,,,,1024,1024,,,,,20,2360.021,2377.414,,,3.504,,,,,
review,2,index,false,false,,,,,,65536,1,,,,,20,1193.450,176.231,,,2.409,,,,,
review,2,index,false,false,,,,,,65536,1024,,,,,20,2376.391,2318.286,,,3.404,,,,,
review,2,index,true,false,,,,,,1024,1,,,,,20,1196.959,182.596,,,2.542,415.2,178919.6,,,
review,2,index,true,false,,,,,,1024,1024,,,,,20,2565.196,2585.454,,,3.856,13800.2,2904170.3,,,
review,2,index,true,false,,,,,,65536,1,,,,,20,1216.174,210.702,,,3.482,415.0,178917.6,,,
review,2,index,true,false,,,,,,65536,1024,,,,,20,2812.213,3133.937,,,3.767,13802.6,2905457.2,,,
review,2,memory,true,false,,,,,,,,128,128,128,,,885811.0,,,,,,164235700,22585971,21091795,
review,2,memory,true,false,,,,,,,,128,128,16,,,2626594.0,,,,,,339218964,24002734,22636389,
review,2,memory,true,false,,,,,,,,16,1024,128,,,844547.0,,,,,,160141124,23457455,21075053,
review,2,memory,true,false,,,,,,,,16,128,128,,,115040.0,,,,,,22288279,3216903,2670028,
review,2,row,false,false,files,,,1024,cold,,,,,,,1,13526.467,13555.323,,,,,,,,1024.0
review,2,row,false,false,files,,,1024,warm,,,,,,,32,25.530,25.556,,,,,,,,0.0
review,2,row,false,false,files,,,128,cold,,,,,,,1,2550.746,2568.879,,,,,,,,128.0
review,2,row,false,false,files,,,128,warm,,,,,,,32,23.213,23.228,,,,,,,,0.0
review,2,row,false,false,files,,,16,cold,,,,,,,1,1223.906,1247.332,,,,,,,,16.0
review,2,row,false,false,files,,,16,warm,,,,,,,32,25.886,25.914,,,,,,,,0.0
review,2,row,false,false,inline,,,1024,cold,,,,,,,1,4411.032,4450.477,,,,,,,,0.0
review,2,row,false,false,inline,,,1024,warm,,,,,,,32,29.953,29.975,,,,,,,,0.0
review,2,row,false,false,inline,,,128,cold,,,,,,,1,1554.990,1595.458,,,,,,,,0.0
review,2,row,false,false,inline,,,128,warm,,,,,,,32,46.405,46.087,,,,,,,,0.0
review,2,row,false,false,inline,,,16,cold,,,,,,,1,759.994,785.799,,,,,,,,0.0
review,2,row,false,false,inline,,,16,warm,,,,,,,32,44.811,44.871,,,,,,,,0.0
review,2,row,false,true,recent,,,1024,cold,,,,,,,1,2606.818,2623.380,,,,,,,,0.0
review,2,row,false,true,recent,,,1024,warm,,,,,,,32,77.349,77.385,,,,,,,,0.0
review,2,row,false,false,recent,,,1024,cold,,,,,,,1,3888.265,3899.169,,,,,,,,0.0
review,2,row,false,false,recent,,,1024,warm,,,,,,,32,64.671,64.709,,,,,,,,0.0
review,2,row,false,false,recent,,,128,cold,,,,,,,1,752.117,762.689,,,,,,,,0.0
review,2,row,false,false,recent,,,128,warm,,,,,,,32,55.893,55.911,,,,,,,,0.0
review,2,row,false,true,recent,,,16,cold,,,,,,,1,325.474,334.828,,,,,,,,0.0
review,2,row,false,true,recent,,,16,warm,,,,,,,32,76.053,76.094,,,,,,,,0.0
review,2,row,false,false,recent,,,16,cold,,,,,,,1,325.321,335.792,,,,,,,,0.0
review,2,row,false,false,recent,,,16,warm,,,,,,,32,57.366,57.384,,,,,,,,0.0
review,2,row,true,false,files,,,1024,cold,,,,,,,1,14815.742,14842.151,,,,109383.0,22743831.0,,,1024.0
review,2,row,true,false,files,,,1024,warm,,,,,,,32,28.683,28.705,,,,211.4,24110.0,,,0.0
review,2,row,true,false,files,,,128,cold,,,,,,,1,2685.890,2698.640,,,,15947.0,4916331.0,,,128.0
review,2,row,true,false,files,,,128,warm,,,,,,,32,26.612,26.631,,,,211.2,24019.0,,,0.0
review,2,row,true,false,files,,,16,cold,,,,,,,1,1304.848,1327.712,,,,4367.0,2698225.0,,,16.0
review,2,row,true,false,files,,,16,warm,,,,,,,32,24.867,24.886,,,,211.2,24019.0,,,0.0
review,2,row,true,false,inline,,,1024,cold,,,,,,,1,5269.703,5301.896,,,,49495.0,11758783.0,,,0.0
review,2,row,true,false,inline,,,1024,warm,,,,,,,32,35.407,35.442,,,,299.4,37932.0,,,0.0
review,2,row,true,false,inline,,,128,cold,,,,,,,1,1403.740,1427.053,,,,9132.0,3901241.0,,,0.0
review,2,row,true,false,inline,,,128,warm,,,,,,,32,34.769,34.798,,,,299.4,37932.0,,,0.0
review,2,row,true,false,inline,,,16,cold,,,,,,,1,493.763,519.594,,,,2315.0,519672.0,,,0.0
review,2,row,true,false,inline,,,16,warm,,,,,,,32,45.516,45.556,,,,347.0,104284.2,,,0.0
review,2,row,true,true,recent,,,1024,cold,,,,,,,1,2957.945,2990.056,,,,27073.0,6314259.0,,,0.0
review,2,row,true,true,recent,,,1024,warm,,,,,,,32,87.535,87.559,,,,707.0,90296.0,,,0.0
review,2,row,true,false,recent,,,1024,cold,,,,,,,1,5032.287,5047.762,,,,50381.0,13687496.0,,,0.0
review,2,row,true,false,recent,,,1024,warm,,,,,,,32,72.846,72.885,,,,533.4,70528.0,,,0.0
review,2,row,true,false,recent,,,128,cold,,,,,,,1,1252.127,1264.942,,,,6933.0,1573339.0,,,0.0
review,2,row,true,false,recent,,,128,warm,,,,,,,32,69.641,69.687,,,,511.6,68376.0,,,0.0
review,2,row,true,true,recent,,,16,cold,,,,,,,1,265.713,274.957,,,,1234.0,210685.0,,,0.0
review,2,row,true,true,recent,,,16,warm,,,,,,,32,86.822,86.854,,,,693.0,94336.5,,,0.0
review,2,row,true,false,recent,,,16,cold,,,,,,,1,360.736,377.202,,,,1642.0,315331.0,,,0.0
review,2,row,true,false,recent,,,16,warm,,,,,,,32,75.906,75.934,,,,561.2,134787.2,,,0.0
review,2,verb,false,false,,0,8,,,,,,,,0,60,1172.585,152.605,1109.316,63.269,2.683,,,,,
review,2,verb,false,false,,0,8,,,,,,,,10,60,11124.109,456.204,10927.767,196.342,10.535,,,,,
review,2,verb,false,false,,1024,8,,,,,,,,0,60,1130.038,173.971,1055.000,75.038,2.772,,,,,
review,2,verb,false,false,,128,8,,,,,,,,0,60,1159.141,136.195,1098.865,60.277,2.170,,,,,
review,2,verb,false,false,,4096,8,,,,,,,,0,60,1170.710,147.647,1101.062,69.648,2.400,,,,,
review,2,verb,false,false,,4096,8,,,,,,,,10,60,11109.645,425.326,10921.042,188.603,8.639,,,,,
review,2,verb,true,false,,0,8,,,,,,,,0,60,1188.063,169.370,1110.572,77.491,3.012,242.2,121137.4,,,
review,2,verb,true,false,,0,8,,,,,,,,10,60,11106.848,475.110,10908.923,197.925,9.904,241.9,120964.8,,,
review,2,verb,true,false,,1024,8,,,,,,,,0,60,1231.406,207.026,1092.099,139.307,2.826,258.5,132670.1,,,
review,2,verb,true,false,,128,8,,,,,,,,0,60,1185.146,168.550,1112.007,73.138,2.969,256.7,130717.3,,,
review,2,verb,true,false,,4096,8,,,,,,,,0,60,1173.454,151.164,1104.273,69.181,2.469,260.2,139827.9,,,
review,2,verb,true,false,,4096,8,,,,,,,,10,60,11111.396,488.087,10898.108,213.288,10.297,260.9,142163.3,,,
review,3,build,false,false,,,,,,,,128,128,128,,,292646.0,204501.0,,,,,,,,
review,3,build,false,false,,,,,,,,128,128,16,,,1475215.0,474374.0,,,,,,,,
review,3,build,false,false,,,,,,,,16,1024,128,,,287296.0,197770.0,,,,,,,,
review,3,build,false,false,,,,,,,,16,128,128,,,41174.0,28719.0,,,,,,,,
review,3,index,false,false,,,,,,1024,1,,,,,20,1190.172,177.452,,,2.571,,,,,
review,3,index,false,false,,,,,,1024,1024,,,,,20,2331.611,2289.242,,,3.135,,,,,
review,3,index,false,false,,,,,,65536,1,,,,,20,1197.374,180.912,,,2.665,,,,,
review,3,index,false,false,,,,,,65536,1024,,,,,20,2385.716,2379.990,,,4.119,,,,,
review,3,index,true,false,,,,,,1024,1,,,,,20,1202.299,185.116,,,2.907,415.2,178919.6,,,
review,3,index,true,false,,,,,,1024,1024,,,,,20,3217.621,3495.400,,,5.891,13802.0,2905043.9,,,
review,3,index,true,false,,,,,,65536,1,,,,,20,1203.003,187.013,,,2.623,414.9,178853.2,,,
review,3,index,true,false,,,,,,65536,1024,,,,,20,2533.224,2599.484,,,4.665,13800.3,2904407.6,,,
review,3,memory,true,false,,,,,,,,128,128,128,,,934777.0,,,,,,164389602,22586491,21092315,
review,3,memory,true,false,,,,,,,,128,128,16,,,2713317.0,,,,,,339343112,24002734,22636389,
review,3,memory,true,false,,,,,,,,16,1024,128,,,813873.0,,,,,,159952522,23457343,21074941,
review,3,memory,true,false,,,,,,,,16,128,128,,,110620.0,,,,,,22016046,3216383,2669508,
review,3,row,false,false,files,,,1024,cold,,,,,,,1,12458.671,12469.990,,,,,,,,1024.0
review,3,row,false,false,files,,,1024,warm,,,,,,,32,25.243,25.267,,,,,,,,0.0
review,3,row,false,false,files,,,128,cold,,,,,,,1,3745.372,3768.088,,,,,,,,128.0
review,3,row,false,false,files,,,128,warm,,,,,,,32,26.248,26.291,,,,,,,,0.0
review,3,row,false,false,files,,,16,cold,,,,,,,1,1253.764,1278.699,,,,,,,,16.0
review,3,row,false,false,files,,,16,warm,,,,,,,32,23.750,23.773,,,,,,,,0.0
review,3,row,false,false,inline,,,1024,cold,,,,,,,1,4739.908,4771.301,,,,,,,,0.0
review,3,row,false,false,inline,,,1024,warm,,,,,,,32,32.887,32.917,,,,,,,,0.0
review,3,row,false,false,inline,,,128,cold,,,,,,,1,895.151,916.429,,,,,,,,0.0
review,3,row,false,false,inline,,,128,warm,,,,,,,32,40.691,40.718,,,,,,,,0.0
review,3,row,false,false,inline,,,16,cold,,,,,,,1,512.261,535.925,,,,,,,,0.0
review,3,row,false,false,inline,,,16,warm,,,,,,,32,43.143,43.171,,,,,,,,0.0
review,3,row,false,true,recent,,,1024,cold,,,,,,,1,2481.417,2499.683,,,,,,,,0.0
review,3,row,false,true,recent,,,1024,warm,,,,,,,32,78.783,78.827,,,,,,,,0.0
review,3,row,false,false,recent,,,1024,cold,,,,,,,1,3849.386,3865.748,,,,,,,,0.0
review,3,row,false,false,recent,,,1024,warm,,,,,,,32,61.007,61.025,,,,,,,,0.0
review,3,row,false,false,recent,,,128,cold,,,,,,,1,1102.510,1113.249,,,,,,,,0.0
review,3,row,false,false,recent,,,128,warm,,,,,,,32,57.451,57.485,,,,,,,,0.0
review,3,row,false,true,recent,,,16,cold,,,,,,,1,330.890,340.751,,,,,,,,0.0
review,3,row,false,true,recent,,,16,warm,,,,,,,32,72.585,72.610,,,,,,,,0.0
review,3,row,false,false,recent,,,16,cold,,,,,,,1,768.704,791.485,,,,,,,,0.0
review,3,row,false,false,recent,,,16,warm,,,,,,,32,58.041,58.069,,,,,,,,0.0
review,3,row,true,false,files,,,1024,cold,,,,,,,1,13930.964,13961.845,,,,109389.0,22746743.0,,,1024.0
review,3,row,true,false,files,,,1024,warm,,,,,,,32,28.152,28.176,,,,211.2,24019.0,,,0.0
review,3,row,true,false,files,,,128,cold,,,,,,,1,2741.619,2758.856,,,,14523.0,2811690.0,,,128.0
review,3,row,true,false,files,,,128,warm,,,,,,,32,26.810,26.843,,,,211.4,24110.0,,,0.0
review,3,row,true,false,files,,,16,cold,,,,,,,1,937.740,957.046,,,,2957.0,598576.0,,,16.0
review,3,row,true,false,files,,,16,warm,,,,,,,32,25.727,25.744,,,,211.2,24019.0,,,0.0
review,3,row,true,false,inline,,,1024,cold,,,,,,,1,5485.690,5540.569,,,,51018.0,13882053.0,,,0.0
review,3,row,true,false,inline,,,1024,warm,,,,,,,32,35.360,35.387,,,,299.6,38023.0,,,0.0
review,3,row,true,false,inline,,,128,cold,,,,,,,1,1359.754,1384.699,,,,9129.0,3900561.0,,,0.0
review,3,row,true,false,inline,,,128,warm,,,,,,,32,35.162,35.187,,,,299.4,37932.0,,,0.0
review,3,row,true,false,inline,,,16,cold,,,,,,,1,482.130,505.529,,,,2310.0,518544.0,,,0.0
review,3,row,true,false,inline,,,16,warm,,,,,,,32,44.788,44.817,,,,347.0,104284.2,,,0.0
review,3,row,true,true,recent,,,1024,cold,,,,,,,1,3026.422,3045.166,,,,27071.0,6313739.0,,,0.0
review,3,row,true,true,recent,,,1024,warm,,,,,,,32,87.797,87.835,,,,707.0,90296.0,,,0.0
review,3,row,true,false,recent,,,1024,cold,,,,,,,1,4583.833,4599.756,,,,48851.0,11560146.0,,,0.0
review,3,row,true,false,recent,,,1024,warm,,,,,,,32,68.391,68.412,,,,533.4,70528.0,,,0.0
review,3,row,true,false,recent,,,128,cold,,,,,,,1,1167.547,1190.910,,,,8464.0,3699769.0,,,0.0
review,3,row,true,false,recent,,,128,warm,,,,,,,32,65.787,65.816,,,,511.4,68285.0,,,0.0
review,3,row,true,true,recent,,,16,cold,,,,,,,1,268.980,278.680,,,,1231.0,209733.0,,,0.0
review,3,row,true,true,recent,,,16,warm,,,,,,,32,85.754,85.785,,,,693.0,94336.5,,,0.0
review,3,row,true,false,recent,,,16,cold,,,,,,,1,375.007,387.251,,,,1642.0,315331.0,,,0.0
review,3,row,true,false,recent,,,16,warm,,,,,,,32,65.518,65.542,,,,513.6,68435.0,,,0.0
review,3,verb,false,false,,0,8,,,,,,,,0,60,1164.997,143.883,1102.207,62.790,2.366,,,,,
review,3,verb,false,false,,0,8,,,,,,,,10,60,11130.502,425.757,10917.603,212.899,8.551,,,,,
review,3,verb,false,false,,1024,8,,,,,,,,0,60,1163.893,161.939,1091.371,72.522,2.741,,,,,
review,3,verb,false,false,,128,8,,,,,,,,0,60,1173.826,152.049,1101.626,72.200,2.429,,,,,
review,3,verb,false,false,,4096,8,,,,,,,,0,60,1157.106,153.130,1083.890,73.216,2.355,,,,,
review,3,verb,false,false,,4096,8,,,,,,,,10,60,11050.583,488.042,10828.189,222.393,9.039,,,,,
review,3,verb,true,false,,0,8,,,,,,,,0,60,1172.223,158.968,1109.146,63.077,3.263,242.3,121158.9,,,
review,3,verb,true,false,,0,8,,,,,,,,10,60,11159.978,443.858,10978.262,181.716,8.974,241.9,120964.8,,,
review,3,verb,true,false,,1024,8,,,,,,,,0,60,1213.706,203.339,1117.877,95.829,3.187,258.2,132524.5,,,
review,3,verb,true,false,,128,8,,,,,,,,0,60,1170.679,149.408,1101.120,69.559,2.395,256.5,130620.2,,,
review,3,verb,true,false,,4096,8,,,,,,,,0,60,1200.463,190.096,1117.292,83.171,3.120,260.4,139930.5,,,
review,3,verb,true,false,,4096,8,,,,,,,,10,60,11072.088,457.270,10891.552,180.536,9.361,260.9,142163.3,,,
review,4,build,false,false,,,,,,,,128,128,128,,,296066.0,208950.0,,,,,,,,
review,4,build,false,false,,,,,,,,128,128,16,,,1479668.0,480203.0,,,,,,,,
review,4,build,false,false,,,,,,,,16,1024,128,,,287013.0,197447.0,,,,,,,,
review,4,build,false,false,,,,,,,,16,128,128,,,38084.0,27064.0,,,,,,,,
review,4,index,false,false,,,,,,1024,1,,,,,20,1203.851,189.260,,,2.638,,,,,
review,4,index,false,false,,,,,,1024,1024,,,,,20,2722.153,3018.776,,,4.078,,,,,
review,4,index,false,false,,,,,,65536,1,,,,,20,1097.219,226.705,,,2.983,,,,,
review,4,index,false,false,,,,,,65536,1024,,,,,20,2469.797,2419.885,,,3.297,,,,,
review,4,index,true,false,,,,,,1024,1,,,,,20,1209.628,194.434,,,2.981,415.9,179210.8,,,
review,4,index,true,false,,,,,,1024,1024,,,,,20,2507.683,2545.822,,,3.643,13799.8,2903931.9,,,
review,4,index,true,false,,,,,,65536,1,,,,,20,1208.966,193.524,,,2.530,415.2,178998.8,,,
review,4,index,true,false,,,,,,65536,1024,,,,,20,2555.988,2560.608,,,3.551,13801.1,2904729.2,,,
review,4,memory,true,false,,,,,,,,128,128,128,,,859597.0,,,,,,164227131,22593016,21098840,
review,4,memory,true,false,,,,,,,,128,128,16,,,2668780.0,,,,,,339854709,24003246,22636901,
review,4,memory,true,false,,,,,,,,16,1024,128,,,794918.0,,,,,,159902408,23457863,21075461,
review,4,memory,true,false,,,,,,,,16,128,128,,,109379.0,,,,,,21835318,3216271,2669396,
review,4,row,false,false,files,,,1024,cold,,,,,,,1,12441.387,12468.014,,,,,,,,1024.0
review,4,row,false,false,files,,,1024,warm,,,,,,,32,24.794,24.812,,,,,,,,0.0
review,4,row,false,false,files,,,128,cold,,,,,,,1,2502.916,2532.092,,,,,,,,128.0
review,4,row,false,false,files,,,128,warm,,,,,,,32,24.373,24.396,,,,,,,,0.0
review,4,row,false,false,files,,,16,cold,,,,,,,1,921.500,943.735,,,,,,,,16.0
review,4,row,false,false,files,,,16,warm,,,,,,,32,23.604,23.622,,,,,,,,0.0
review,4,row,false,false,inline,,,1024,cold,,,,,,,1,4440.831,4473.493,,,,,,,,0.0
review,4,row,false,false,inline,,,1024,warm,,,,,,,32,31.329,31.356,,,,,,,,0.0
review,4,row,false,false,inline,,,128,cold,,,,,,,1,1310.741,1336.554,,,,,,,,0.0
review,4,row,false,false,inline,,,128,warm,,,,,,,32,29.519,29.539,,,,,,,,0.0
review,4,row,false,false,inline,,,16,cold,,,,,,,1,839.449,864.695,,,,,,,,0.0
review,4,row,false,false,inline,,,16,warm,,,,,,,32,29.304,29.321,,,,,,,,0.0
review,4,row,false,true,recent,,,1024,cold,,,,,,,1,2501.535,2517.270,,,,,,,,0.0
review,4,row,false,true,recent,,,1024,warm,,,,,,,32,78.527,78.553,,,,,,,,0.0
review,4,row,false,false,recent,,,1024,cold,,,,,,,1,4211.516,4231.066,,,,,,,,0.0
review,4,row,false,false,recent,,,1024,warm,,,,,,,32,63.593,63.630,,,,,,,,0.0
review,4,row,false,false,recent,,,128,cold,,,,,,,1,1057.377,1066.008,,,,,,,,0.0
review,4,row,false,false,recent,,,128,warm,,,,,,,32,56.545,56.563,,,,,,,,0.0
review,4,row,false,true,recent,,,16,cold,,,,,,,1,261.807,270.511,,,,,,,,0.0
review,4,row,false,true,recent,,,16,warm,,,,,,,32,76.328,76.358,,,,,,,,0.0
review,4,row,false,false,recent,,,16,cold,,,,,,,1,362.379,377.839,,,,,,,,0.0
review,4,row,false,false,recent,,,16,warm,,,,,,,32,59.039,59.065,,,,,,,,0.0
review,4,row,true,false,files,,,1024,cold,,,,,,,1,14117.376,14156.260,,,,109389.0,22746743.0,,,1024.0
review,4,row,true,false,files,,,1024,warm,,,,,,,32,27.614,27.632,,,,211.2,24019.0,,,0.0
review,4,row,true,false,files,,,128,cold,,,,,,,1,2885.895,2902.345,,,,15937.0,4912379.0,,,128.0
review,4,row,true,false,files,,,128,warm,,,,,,,32,25.538,25.556,,,,211.4,24110.0,,,0.0
review,4,row,true,false,files,,,16,cold,,,,,,,1,1445.072,1467.822,,,,4367.0,2698225.0,,,16.0
review,4,row,true,false,files,,,16,warm,,,,,,,32,26.395,26.421,,,,211.2,24019.0,,,0.0
review,4,row,true,false,inline,,,1024,cold,,,,,,,1,4905.905,4934.723,,,,49495.0,11758783.0,,,0.0
review,4,row,true,false,inline,,,1024,warm,,,,,,,32,36.570,36.604,,,,299.4,37932.0,,,0.0
review,4,row,true,false,inline,,,128,cold,,,,,,,1,1497.193,1531.423,,,,9130.0,3900649.0,,,0.0
review,4,row,true,false,inline,,,128,warm,,,,,,,32,33.148,33.165,,,,299.4,37932.0,,,0.0
review,4,row,true,false,inline,,,16,cold,,,,,,,1,1057.716,1120.578,,,,3845.0,2646286.0,,,0.0
review,4,row,true,false,inline,,,16,warm,,,,,,,32,34.988,35.017,,,,299.4,37932.0,,,0.0
review,4,row,true,true,recent,,,1024,cold,,,,,,,1,3724.668,3751.952,,,,27072.0,6314907.0,,,0.0
review,4,row,true,true,recent,,,1024,warm,,,,,,,32,116.228,116.288,,,,707.0,90296.0,,,0.0
review,4,row,true,false,recent,,,1024,cold,,,,,,,1,4943.488,4961.704,,,,50375.0,13684584.0,,,0.0
review,4,row,true,false,recent,,,1024,warm,,,,,,,32,70.487,70.526,,,,533.6,70619.0,,,0.0
review,4,row,true,false,recent,,,128,cold,,,,,,,1,1173.965,1184.468,,,,8458.0,3696857.0,,,0.0
review,4,row,true,false,recent,,,128,warm,,,,,,,32,64.925,64.952,,,,511.4,68285.0,,,0.0
review,4,row,true,true,recent,,,16,cold,,,,,,,1,369.670,384.753,,,,1424.0,409348.0,,,0.0
review,4,row,true,true,recent,,,16,warm,,,,,,,32,88.077,88.121,,,,687.0,88112.0,,,0.0
review,4,row,true,false,recent,,,16,cold,,,,,,,1,1132.847,1151.951,,,,3177.0,2444425.0,,,0.0
review,4,row,true,false,recent,,,16,warm,,,,,,,32,107.407,107.481,,,,513.6,68435.0,,,0.0
review,4,verb,false,false,,0,8,,,,,,,,0,60,1178.424,160.152,1109.086,69.338,2.774,,,,,
review,4,verb,false,false,,0,8,,,,,,,,10,60,11133.826,433.064,10953.740,180.086,8.526,,,,,
review,4,verb,false,false,,1024,8,,,,,,,,0,60,1236.736,234.950,1108.167,128.569,3.360,,,,,
review,4,verb,false,false,,128,8,,,,,,,,0,60,1196.309,184.146,1112.045,84.264,2.961,,,,,
review,4,verb,false,false,,4096,8,,,,,,,,0,60,1196.528,181.114,1117.267,79.261,2.968,,,,,
review,4,verb,false,false,,4096,8,,,,,,,,10,60,11081.637,416.738,10900.847,180.791,7.922,,,,,
review,4,verb,true,false,,0,8,,,,,,,,0,60,1164.403,146.606,1107.201,57.201,2.807,242.4,121207.4,,,
review,4,verb,true,false,,0,8,,,,,,,,10,60,11093.718,391.750,10935.756,157.963,7.560,241.9,120964.8,,,
review,4,verb,true,false,,1024,8,,,,,,,,0,60,1166.919,147.145,1099.341,67.579,2.397,258.2,132524.5,,,
review,4,verb,true,false,,128,8,,,,,,,,0,60,1170.505,156.568,1107.546,62.959,2.759,256.5,130620.2,,,
review,4,verb,true,false,,4096,8,,,,,,,,0,60,1183.898,164.864,1106.087,77.812,2.617,260.4,139925.0,,,
review,4,verb,true,false,,4096,8,,,,,,,,10,60,11144.722,408.101,10957.012,187.709,7.415,260.9,142163.3,,,
review,5,build,false,false,,,,,,,,128,128,128,,,293963.0,207108.0,,,,,,,,
review,5,build,false,false,,,,,,,,128,128,16,,,1469952.0,470421.0,,,,,,,,
review,5,build,false,false,,,,,,,,16,1024,128,,,290067.0,199920.0,,,,,,,,
review,5,build,false,false,,,,,,,,16,128,128,,,36467.0,26724.0,,,,,,,,
review,5,index,false,false,,,,,,1024,1,,,,,20,1106.632,197.242,,,2.669,,,,,
review,5,index,false,false,,,,,,1024,1024,,,,,20,2371.866,2409.899,,,3.198,,,,,
review,5,index,false,false,,,,,,65536,1,,,,,20,1188.370,169.900,,,2.333,,,,,
review,5,index,false,false,,,,,,65536,1024,,,,,20,2334.704,2256.007,,,2.979,,,,,
review,5,index,true,false,,,,,,1024,1,,,,,20,1196.209,177.721,,,2.294,414.9,178774.0,,,
review,5,index,true,false,,,,,,1024,1024,,,,,20,2466.164,2522.700,,,3.251,13799.2,2903833.9,,,
review,5,index,true,false,,,,,,65536,1,,,,,20,1205.485,195.085,,,2.818,415.0,178968.4,,,
review,5,index,true,false,,,,,,65536,1024,,,,,20,2499.980,2501.889,,,2.665,13799.6,2904001.2,,,
review,5,memory,true,false,,,,,,,,128,128,128,,,886666.0,,,,,,165272938,22608519,21114343,
review,5,memory,true,false,,,,,,,,128,128,16,,,2599096.0,,,,,,339202366,24002734,22636389,
review,5,memory,true,false,,,,,,,,16,1024,128,,,790452.0,,,,,,159845627,23457863,21075461,
review,5,memory,true,false,,,,,,,,16,128,128,,,111082.0,,,,,,22587708,3217535,2670660,
review,5,row,false,false,files,,,1024,cold,,,,,,,1,12245.033,12271.180,,,,,,,,1024.0
review,5,row,false,false,files,,,1024,warm,,,,,,,32,24.319,24.339,,,,,,,,0.0
review,5,row,false,false,files,,,128,cold,,,,,,,1,2509.427,2525.977,,,,,,,,128.0
review,5,row,false,false,files,,,128,warm,,,,,,,32,23.163,23.180,,,,,,,,0.0
review,5,row,false,false,files,,,16,cold,,,,,,,1,1148.735,1165.060,,,,,,,,16.0
review,5,row,false,false,files,,,16,warm,,,,,,,32,23.112,23.129,,,,,,,,0.0
review,5,row,false,false,inline,,,1024,cold,,,,,,,1,4120.937,4150.197,,,,,,,,0.0
review,5,row,false,false,inline,,,1024,warm,,,,,,,32,30.613,30.637,,,,,,,,0.0
review,5,row,false,false,inline,,,128,cold,,,,,,,1,889.293,915.452,,,,,,,,0.0
review,5,row,false,false,inline,,,128,warm,,,,,,,32,29.439,29.457,,,,,,,,0.0
review,5,row,false,false,inline,,,16,cold,,,,,,,1,552.881,561.768,,,,,,,,0.0
review,5,row,false,false,inline,,,16,warm,,,,,,,32,31.475,31.497,,,,,,,,0.0
review,5,row,false,true,recent,,,1024,cold,,,,,,,1,2708.946,2559.700,,,,,,,,0.0
review,5,row,false,true,recent,,,1024,warm,,,,,,,32,77.950,77.973,,,,,,,,0.0
review,5,row,false,false,recent,,,1024,cold,,,,,,,1,4524.130,4546.174,,,,,,,,0.0
review,5,row,false,false,recent,,,1024,warm,,,,,,,32,66.120,66.162,,,,,,,,0.0
review,5,row,false,false,recent,,,128,cold,,,,,,,1,696.793,706.259,,,,,,,,0.0
review,5,row,false,false,recent,,,128,warm,,,,,,,32,58.050,58.077,,,,,,,,0.0
review,5,row,false,true,recent,,,16,cold,,,,,,,1,263.429,271.816,,,,,,,,0.0
review,5,row,false,true,recent,,,16,warm,,,,,,,32,77.820,77.861,,,,,,,,0.0
review,5,row,false,false,recent,,,16,cold,,,,,,,1,690.556,702.587,,,,,,,,0.0
review,5,row,false,false,recent,,,16,warm,,,,,,,32,56.166,56.190,,,,,,,,0.0
review,5,row,true,false,files,,,1024,cold,,,,,,,1,15420.963,15435.933,,,,109391.0,22747263.0,,,1024.0
review,5,row,true,false,files,,,1024,warm,,,,,,,32,27.645,27.668,,,,211.2,24019.0,,,0.0
review,5,row,true,false,files,,,128,cold,,,,,,,1,2315.188,2331.061,,,,14525.0,2812210.0,,,128.0
review,5,row,true,false,files,,,128,warm,,,,,,,32,26.941,26.965,,,,211.2,24019.0,,,0.0
review,5,row,true,false,files,,,16,cold,,,,,,,1,853.895,873.843,,,,2953.0,597536.0,,,16.0
review,5,row,true,false,files,,,16,warm,,,,,,,32,26.368,26.386,,,,211.2,24019.0,,,0.0
review,5,row,true,false,inline,,,1024,cold,,,,,,,1,5235.443,5280.162,,,,51025.0,13886133.0,,,0.0
review,5,row,true,false,inline,,,1024,warm,,,,,,,32,35.664,35.691,,,,299.6,38023.0,,,0.0
review,5,row,true,false,inline,,,128,cold,,,,,,,1,1368.763,1395.386,,,,9130.0,3900649.0,,,0.0
review,5,row,true,false,inline,,,128,warm,,,,,,,32,33.032,33.050,,,,299.4,37932.0,,,0.0
review,5,row,true,false,inline,,,16,cold,,,,,,,1,866.466,891.693,,,,3841.0,2645246.0,,,0.0
review,5,row,true,false,inline,,,16,warm,,,,,,,32,34.330,34.352,,,,299.2,37841.0,,,0.0
review,5,row,true,true,recent,,,1024,cold,,,,,,,1,2907.926,2923.993,,,,27072.0,6314907.0,,,0.0
review,5,row,true,true,recent,,,1024,warm,,,,,,,32,90.174,90.208,,,,707.0,90296.0,,,0.0
review,5,row,true,false,recent,,,1024,cold,,,,,,,1,5051.167,5071.225,,,,50377.0,13685104.0,,,0.0
review,5,row,true,false,recent,,,1024,warm,,,,,,,32,71.591,71.620,,,,533.4,70528.0,,,0.0
review,5,row,true,false,recent,,,128,cold,,,,,,,1,1152.485,1162.416,,,,8456.0,3696609.0,,,0.0
review,5,row,true,false,recent,,,128,warm,,,,,,,32,65.352,65.377,,,,511.4,68285.0,,,0.0
review,5,row,true,true,recent,,,16,cold,,,,,,,1,278.423,291.908,,,,1230.0,209645.0,,,0.0
review,5,row,true,true,recent,,,16,warm,,,,,,,32,85.515,85.553,,,,693.0,94336.5,,,0.0
review,5,row,true,false,recent,,,16,cold,,,,,,,1,363.705,378.366,,,,1642.0,315331.0,,,0.0
review,5,row,true,false,recent,,,16,warm,,,,,,,32,77.242,77.266,,,,561.2,134787.2,,,0.0
review,5,verb,false,false,,0,8,,,,,,,,0,60,1153.066,131.977,1095.816,57.251,2.087,,,,,
review,5,verb,false,false,,0,8,,,,,,,,10,60,11065.989,412.657,10890.423,175.566,9.150,,,,,
review,5,verb,false,false,,1024,8,,,,,,,,0,60,1155.153,155.859,1083.359,71.794,2.187,,,,,
review,5,verb,false,false,,128,8,,,,,,,,0,60,1169.354,151.638,1104.227,65.126,2.591,,,,,
review,5,verb,false,false,,4096,8,,,,,,,,0,60,1169.918,152.126,1102.188,67.729,2.380,,,,,
review,5,verb,false,false,,4096,8,,,,,,,,10,60,11060.313,413.060,10888.803,171.510,8.553,,,,,
review,5,verb,true,false,,0,8,,,,,,,,0,60,1176.204,154.843,1108.422,67.783,3.126,242.2,121110.4,,,
review,5,verb,true,false,,0,8,,,,,,,,10,60,11123.491,421.158,10956.668,166.823,8.875,241.9,120964.8,,,
review,5,verb,true,false,,1024,8,,,,,,,,0,60,1164.873,163.147,1090.783,74.090,2.520,258.4,132621.5,,,
review,5,verb,true,false,,128,8,,,,,,,,0,60,1175.529,154.049,1102.853,72.676,2.624,256.3,130523.1,,,
review,5,verb,true,false,,4096,8,,,,,,,,0,60,1182.012,167.761,1106.223,75.790,2.766,260.4,139925.0,,,
review,5,verb,true,false,,4096,8,,,,,,,,10,60,11088.366,439.375,10887.760,200.606,7.948,260.9,142163.3,,,
review,6,build,false,false,,,,,,,,128,128,128,,,299895.0,211775.0,,,,,,,,
review,6,build,false,false,,,,,,,,128,128,16,,,1515287.0,522855.0,,,,,,,,
review,6,build,false,false,,,,,,,,16,1024,128,,,279772.0,192166.0,,,,,,,,
review,6,build,false,false,,,,,,,,16,128,128,,,41028.0,30749.0,,,,,,,,
review,6,index,false,false,,,,,,1024,1,,,,,20,1189.645,176.081,,,2.490,,,,,
review,6,index,false,false,,,,,,1024,1024,,,,,20,2421.852,2452.224,,,3.756,,,,,
review,6,index,false,false,,,,,,65536,1,,,,,20,1176.619,157.462,,,2.162,,,,,
review,6,index,false,false,,,,,,65536,1024,,,,,20,2362.931,2316.089,,,3.366,,,,,
review,6,index,true,false,,,,,,1024,1,,,,,20,1197.324,179.026,,,2.184,415.2,178919.6,,,
review,6,index,true,false,,,,,,1024,1024,,,,,20,2527.686,2528.717,,,3.390,13799.1,2903652.3,,,
review,6,index,true,false,,,,,,65536,1,,,,,20,1226.265,219.646,,,3.116,415.6,179144.4,,,
review,6,index,true,false,,,,,,65536,1024,,,,,20,2432.270,2412.896,,,3.137,13800.0,2904146.8,,,
review,6,memory,true,false,,,,,,,,128,128,128,,,867160.0,,,,,,164981287,22607855,21113679,
review,6,memory,true,false,,,,,,,,128,128,16,,,2606525.0,,,,,,339193049,24002734,22636389,
review,6,memory,true,false,,,,,,,,16,1024,128,,,796390.0,,,,,,159765161,23457863,21075461,
review,6,memory,true,false,,,,,,,,16,128,128,,,114014.0,,,,,,22015795,3216383,2669508,
review,6,row,false,false,files,,,1024,cold,,,,,,,1,14225.056,14244.941,,,,,,,,1024.0
review,6,row,false,false,files,,,1024,warm,,,,,,,32,26.542,26.562,,,,,,,,0.0
review,6,row,false,false,files,,,128,cold,,,,,,,1,2518.995,2539.631,,,,,,,,128.0
review,6,row,false,false,files,,,128,warm,,,,,,,32,23.954,23.970,,,,,,,,0.0
review,6,row,false,false,files,,,16,cold,,,,,,,1,991.885,1024.631,,,,,,,,16.0
review,6,row,false,false,files,,,16,warm,,,,,,,32,24.051,24.080,,,,,,,,0.0
review,6,row,false,false,inline,,,1024,cold,,,,,,,1,4444.829,4614.762,,,,,,,,0.0
review,6,row,false,false,inline,,,1024,warm,,,,,,,32,29.615,29.631,,,,,,,,0.0
review,6,row,false,false,inline,,,128,cold,,,,,,,1,1010.887,1033.300,,,,,,,,0.0
review,6,row,false,false,inline,,,128,warm,,,,,,,32,30.790,30.812,,,,,,,,0.0
review,6,row,false,false,inline,,,16,cold,,,,,,,1,953.270,971.759,,,,,,,,0.0
review,6,row,false,false,inline,,,16,warm,,,,,,,32,29.537,29.556,,,,,,,,0.0
review,6,row,false,true,recent,,,1024,cold,,,,,,,1,2563.540,2581.431,,,,,,,,0.0
review,6,row,false,true,recent,,,1024,warm,,,,,,,32,85.460,85.550,,,,,,,,0.0
review,6,row,false,false,recent,,,1024,cold,,,,,,,1,4419.075,4436.364,,,,,,,,0.0
review,6,row,false,false,recent,,,1024,warm,,,,,,,32,64.676,64.712,,,,,,,,0.0
review,6,row,false,false,recent,,,128,cold,,,,,,,1,1594.725,1606.266,,,,,,,,0.0
review,6,row,false,false,recent,,,128,warm,,,,,,,32,82.704,82.772,,,,,,,,0.0
review,6,row,false,true,recent,,,16,cold,,,,,,,1,253.832,261.085,,,,,,,,0.0
review,6,row,false,true,recent,,,16,warm,,,,,,,32,74.223,74.245,,,,,,,,0.0
review,6,row,false,false,recent,,,16,cold,,,,,,,1,368.813,384.839,,,,,,,,0.0
review,6,row,false,false,recent,,,16,warm,,,,,,,32,71.015,71.063,,,,,,,,0.0
review,6,row,true,false,files,,,1024,cold,,,,,,,1,13830.791,13857.668,,,,109156.0,22543883.0,,,1024.0
review,6,row,true,false,files,,,1024,warm,,,,,,,32,27.948,27.965,,,,211.4,24110.0,,,0.0
review,6,row,true,false,files,,,128,cold,,,,,,,1,2513.569,2545.682,,,,15951.0,4918723.0,,,128.0
review,6,row,true,false,files,,,128,warm,,,,,,,32,26.695,26.713,,,,211.2,24019.0,,,0.0
review,6,row,true,false,files,,,16,cold,,,,,,,1,946.661,962.381,,,,2957.0,598576.0,,,16.0
review,6,row,true,false,files,,,16,warm,,,,,,,32,25.427,25.447,,,,211.2,24019.0,,,0.0
review,6,row,true,false,inline,,,1024,cold,,,,,,,1,5235.854,5268.213,,,,51026.0,13885485.0,,,0.0
review,6,row,true,false,inline,,,1024,warm,,,,,,,32,36.444,36.480,,,,299.4,37932.0,,,0.0
review,6,row,true,false,inline,,,128,cold,,,,,,,1,993.320,1018.486,,,,7601.0,1774539.0,,,0.0
review,6,row,true,false,inline,,,128,warm,,,,,,,32,44.284,44.308,,,,347.0,104284.2,,,0.0
review,6,row,true,false,inline,,,16,cold,,,,,,,1,510.107,531.159,,,,2311.0,518632.0,,,0.0
review,6,row,true,false,inline,,,16,warm,,,,,,,32,33.259,33.277,,,,299.4,37932.0,,,0.0
review,6,row,true,true,recent,,,1024,cold,,,,,,,1,2958.740,2980.975,,,,27071.0,6313739.0,,,0.0
review,6,row,true,true,recent,,,1024,warm,,,,,,,32,87.077,87.107,,,,707.0,90296.0,,,0.0
review,6,row,true,false,recent,,,1024,cold,,,,,,,1,4954.559,4972.434,,,,50382.0,13688664.0,,,0.0
review,6,row,true,false,recent,,,1024,warm,,,,,,,32,69.156,69.175,,,,533.6,70619.0,,,0.0
review,6,row,true,false,recent,,,128,cold,,,,,,,1,1212.141,1222.940,,,,8464.0,3699769.0,,,0.0
review,6,row,true,false,recent,,,128,warm,,,,,,,32,66.198,66.228,,,,511.4,68285.0,,,0.0
review,6,row,true,true,recent,,,16,cold,,,,,,,1,344.352,362.373,,,,1423.0,408916.0,,,0.0
review,6,row,true,true,recent,,,16,warm,,,,,,,32,85.090,85.114,,,,687.0,88112.0,,,0.0
review,6,row,true,false,recent,,,16,cold,,,,,,,1,802.740,810.761,,,,3171.0,2441513.0,,,0.0
review,6,row,true,false,recent,,,16,warm,,,,,,,32,67.222,67.247,,,,513.4,68344.0,,,0.0
review,6,verb,false,false,,0,8,,,,,,,,0,60,1191.154,169.827,1111.741,79.413,2.603,,,,,
review,6,verb,false,false,,0,8,,,,,,,,10,60,11116.406,309.330,11019.287,97.119,6.993,,,,,
review,6,verb,false,false,,1024,8,,,,,,,,0,60,1186.281,163.911,1106.642,79.640,2.480,,,,,
review,6,verb,false,false,,128,8,,,,,,,,0,60,1154.466,153.408,1084.739,69.727,2.452,,,,,
review,6,verb,false,false,,4096,8,,,,,,,,0,60,1181.878,161.884,1100.262,81.616,2.298,,,,,
review,6,verb,false,false,,4096,8,,,,,,,,10,60,11164.926,454.189,10972.162,192.764,9.657,,,,,
review,6,verb,true,false,,0,8,,,,,,,,0,60,1166.243,148.555,1102.831,63.412,2.531,242.4,121207.4,,,
review,6,verb,true,false,,0,8,,,,,,,,10,60,11114.468,397.537,10947.831,166.637,8.289,241.9,120964.8,,,
review,6,verb,true,false,,1024,8,,,,,,,,0,60,1152.869,131.023,1095.302,57.567,2.219,258.3,132573.0,,,
review,6,verb,true,false,,128,8,,,,,,,,0,60,1168.589,146.558,1101.641,66.948,2.425,256.2,130474.6,,,
review,6,verb,true,false,,4096,8,,,,,,,,0,60,1160.283,157.934,1091.857,68.426,2.785,260.2,139827.9,,,
review,6,verb,true,false,,4096,8,,,,,,,,10,60,11026.670,378.252,10874.864,151.806,7.431,260.9,142163.3,,,
slatedb16,0,build,false,false,,,,,,,,128,128,128,,,303708.0,221061.0,,,,,,,,
slatedb16,0,build,false,false,,,,,,,,128,128,16,,,1515825.0,510821.0,,,,,,,,
slatedb16,0,build,false,false,,,,,,,,16,1024,128,,,288362.0,203630.0,,,,,,,,
slatedb16,0,build,false,false,,,,,,,,16,128,128,,,39880.0,27767.0,,,,,,,,
slatedb16,0,index,false,false,,,,,,1024,1,,,,,20,1189.482,168.571,,,2.136,,,,,
slatedb16,0,index,false,false,,,,,,1024,1024,,,,,20,2386.046,2322.626,,,3.220,,,,,
slatedb16,0,index,false,false,,,,,,65536,1,,,,,20,1182.249,162.411,,,2.146,,,,,
slatedb16,0,index,false,false,,,,,,65536,1024,,,,,20,2312.688,2226.969,,,3.074,,,,,
slatedb16,0,index,true,false,,,,,,1024,1,,,,,20,1187.461,165.745,,,2.447,415.9,180996.8,,,
slatedb16,0,index,true,false,,,,,,1024,1024,,,,,20,2405.483,2420.591,,,3.135,13799.4,2910093.5,,,
slatedb16,0,index,true,false,,,,,,65536,1,,,,,20,1191.877,176.513,,,2.717,414.9,180638.0,,,
slatedb16,0,index,true,false,,,,,,65536,1024,,,,,20,2871.991,3099.440,,,3.545,13800.2,2910653.6,,,
slatedb16,0,memory,true,false,,,,,,,,128,128,128,,,939166.0,,,,,,164463347,22585379,21091099,
slatedb16,0,memory,true,false,,,,,,,,128,128,16,,,2736480.0,,,,,,341211184,24002142,22635693,
slatedb16,0,memory,true,false,,,,,,,,16,1024,128,,,818672.0,,,,,,160392582,23457903,21075397,
slatedb16,0,memory,true,false,,,,,,,,16,128,128,,,120658.0,,,,,,22061883,3215791,2668812,
slatedb16,0,row,false,false,files,,,1024,cold,,,,,,,1,20766.510,20805.333,,,,,,,,1024.0
slatedb16,0,row,false,false,files,,,1024,warm,,,,,,,32,42.735,42.806,,,,,,,,0.0
slatedb16,0,row,false,false,files,,,128,cold,,,,,,,1,2399.530,2418.313,,,,,,,,128.0
slatedb16,0,row,false,false,files,,,128,warm,,,,,,,32,23.545,23.564,,,,,,,,0.0
slatedb16,0,row,false,false,files,,,16,cold,,,,,,,1,1373.665,1396.092,,,,,,,,16.0
slatedb16,0,row,false,false,files,,,16,warm,,,,,,,32,22.686,22.706,,,,,,,,0.0
slatedb16,0,row,false,false,inline,,,1024,cold,,,,,,,1,4465.731,4492.179,,,,,,,,0.0
slatedb16,0,row,false,false,inline,,,1024,warm,,,,,,,32,30.046,30.064,,,,,,,,0.0
slatedb16,0,row,false,false,inline,,,128,cold,,,,,,,1,1840.164,1870.907,,,,,,,,0.0
slatedb16,0,row,false,false,inline,,,128,warm,,,,,,,32,42.133,42.184,,,,,,,,0.0
slatedb16,0,row,false,false,inline,,,16,cold,,,,,,,1,575.725,607.201,,,,,,,,0.0
slatedb16,0,row,false,false,inline,,,16,warm,,,,,,,32,40.824,40.860,,,,,,,,0.0
slatedb16,0,row,false,true,recent,,,1024,cold,,,,,,,1,2495.509,2509.912,,,,,,,,0.0
slatedb16,0,row,false,true,recent,,,1024,warm,,,,,,,32,80.457,80.479,,,,,,,,0.0
slatedb16,0,row,false,false,recent,,,1024,cold,,,,,,,1,4368.596,4385.527,,,,,,,,0.0
slatedb16,0,row,false,false,recent,,,1024,warm,,,,,,,32,64.877,64.899,,,,,,,,0.0
slatedb16,0,row,false,false,recent,,,128,cold,,,,,,,1,1080.615,1090.150,,,,,,,,0.0
slatedb16,0,row,false,false,recent,,,128,warm,,,,,,,32,60.410,60.450,,,,,,,,0.0
slatedb16,0,row,false,true,recent,,,16,cold,,,,,,,1,349.852,359.778,,,,,,,,0.0
slatedb16,0,row,false,true,recent,,,16,warm,,,,,,,32,77.679,77.717,,,,,,,,0.0
slatedb16,0,row,false,false,recent,,,16,cold,,,,,,,1,681.862,689.823,,,,,,,,0.0
slatedb16,0,row,false,false,recent,,,16,warm,,,,,,,32,60.925,60.952,,,,,,,,0.0
slatedb16,0,row,true,false,files,,,1024,cold,,,,,,,1,14326.830,14361.538,,,,109407.0,23100439.0,,,1024.0
slatedb16,0,row,true,false,files,,,1024,warm,,,,,,,32,29.491,29.514,,,,211.4,26078.5,,,0.0
slatedb16,0,row,true,false,files,,,128,cold,,,,,,,1,2798.578,2820.550,,,,15955.0,4972107.0,,,128.0
slatedb16,0,row,true,false,files,,,128,warm,,,,,,,32,28.075,28.096,,,,211.2,25987.2,,,0.0
slatedb16,0,row,true,false,files,,,16,cold,,,,,,,1,1262.405,1285.218,,,,4373.0,2715377.0,,,16.0
slatedb16,0,row,true,false,files,,,16,warm,,,,,,,32,27.763,27.424,,,,211.2,25987.2,,,0.0
slatedb16,0,row,true,false,inline,,,1024,cold,,,,,,,1,4754.141,4784.440,,,,49516.0,12452367.0,,,0.0
slatedb16,0,row,true,false,inline,,,1024,warm,,,,,,,32,34.659,34.679,,,,299.4,40532.5,,,0.0
slatedb16,0,row,true,false,inline,,,128,cold,,,,,,,1,1064.615,1074.107,,,,7606.0,1872651.0,,,0.0
slatedb16,0,row,true,false,inline,,,128,warm,,,,,,,32,35.104,35.133,,,,299.2,40441.2,,,0.0
slatedb16,0,row,true,false,inline,,,16,cold,,,,,,,1,510.520,526.406,,,,2313.0,541032.0,,,0.0
slatedb16,0,row,true,false,inline,,,16,warm,,,,,,,32,35.517,35.543,,,,299.4,40532.5,,,0.0
slatedb16,0,row,true,true,recent,,,1024,cold,,,,,,,1,2810.624,2826.566,,,,27078.0,6657121.0,,,0.0
slatedb16,0,row,true,true,recent,,,1024,warm,,,,,,,32,88.113,88.138,,,,707.0,97152.0,,,0.0
slatedb16,0,row,true,false,recent,,,1024,cold,,,,,,,1,4477.446,4497.820,,,,48864.0,12245722.0,,,0.0
slatedb16,0,row,true,false,recent,,,1024,warm,,,,,,,32,68.678,68.698,,,,533.6,75507.8,,,0.0
slatedb16,0,row,true,false,recent,,,128,cold,,,,,,,1,1156.374,1165.001,,,,8461.0,3788057.0,,,0.0
slatedb16,0,row,true,false,recent,,,128,warm,,,,,,,32,64.514,64.536,,,,511.4,73173.5,,,0.0
slatedb16,0,row,true,true,recent,,,16,cold,,,,,,,1,328.113,337.734,,,,1431.0,422106.0,,,0.0
slatedb16,0,row,true,true,recent,,,16,warm,,,,,,,32,82.777,82.799,,,,687.0,94968.0,,,0.0
slatedb16,0,row,true,false,recent,,,16,cold,,,,,,,1,355.230,366.542,,,,1642.0,332635.0,,,0.0
slatedb16,0,row,true,false,recent,,,16,warm,,,,,,,32,77.907,77.941,,,,561.3,139693.9,,,0.0
slatedb16,0,verb,false,false,,0,8,,,,,,,,0,60,1175.882,152.287,1106.415,69.467,2.818,,,,,
slatedb16,0,verb,false,false,,0,8,,,,,,,,10,60,11097.366,425.550,10917.950,179.415,10.758,,,,,
slatedb16,0,verb,false,false,,1024,8,,,,,,,,0,60,1156.605,162.691,1088.053,68.552,2.865,,,,,
slatedb16,0,verb,false,false,,128,8,,,,,,,,0,60,1177.586,156.197,1106.528,71.058,2.749,,,,,
slatedb16,0,verb,false,false,,4096,8,,,,,,,,0,60,1160.574,140.920,1097.668,62.906,2.308,,,,,
slatedb16,0,verb,false,false,,4096,8,,,,,,,,10,60,11132.822,473.215,10927.867,204.955,9.811,,,,,
slatedb16,0,verb,true,false,,0,8,,,,,,,,0,60,1158.298,137.650,1101.989,56.308,2.791,242.2,122206.5,,,
slatedb16,0,verb,true,false,,0,8,,,,,,,,10,60,11124.500,430.641,10956.657,167.843,9.782,241.9,122060.5,,,
slatedb16,0,verb,true,false,,1024,8,,,,,,,,0,60,1176.021,162.410,1111.121,64.900,3.071,258.6,133815.3,,,
slatedb16,0,verb,true,false,,128,8,,,,,,,,0,60,1192.737,183.380,1114.022,78.715,3.219,256.3,131619.4,,,
slatedb16,0,verb,true,false,,4096,8,,,,,,,,0,60,1165.740,166.206,1089.074,76.666,2.807,260.3,140972.7,,,
slatedb16,0,verb,true,false,,4096,8,,,,,,,,10,60,11136.842,419.632,10946.368,190.474,8.200,260.9,143259.0,,,
slatedb16,1,build,false,false,,,,,,,,128,128,128,,,301592.0,214380.0,,,,,,,,
slatedb16,1,build,false,false,,,,,,,,128,128,16,,,1485381.0,496095.0,,,,,,,,
slatedb16,1,build,false,false,,,,,,,,16,1024,128,,,287157.0,199485.0,,,,,,,,
slatedb16,1,build,false,false,,,,,,,,16,128,128,,,39266.0,27137.0,,,,,,,,
slatedb16,1,index,false,false,,,,,,1024,1,,,,,20,1231.245,214.310,,,3.155,,,,,
slatedb16,1,index,false,false,,,,,,1024,1024,,,,,20,2618.773,2761.146,,,4.810,,,,,
slatedb16,1,index,false,false,,,,,,65536,1,,,,,20,1189.233,178.268,,,2.390,,,,,
slatedb16,1,index,false,false,,,,,,65536,1024,,,,,20,2410.556,2385.150,,,4.172,,,,,
slatedb16,1,index,true,false,,,,,,1024,1,,,,,20,1231.021,220.337,,,3.229,414.9,180558.8,,,
slatedb16,1,index,true,false,,,,,,1024,1024,,,,,20,2853.821,3280.418,,,4.439,13802.8,2911752.3,,,
slatedb16,1,index,true,false,,,,,,65536,1,,,,,20,1220.143,208.928,,,3.194,415.6,180930.0,,,
slatedb16,1,index,true,false,,,,,,65536,1024,,,,,20,2426.007,2473.344,,,3.265,13799.1,2910200.4,,,
slatedb16,1,memory,true,false,,,,,,,,128,128,128,,,840331.0,,,,,,164516040,22586419,21092139,
slatedb16,1,memory,true,false,,,,,,,,128,128,16,,,2770560.0,,,,,,341406483,24002142,22635693,
slatedb16,1,memory,true,false,,,,,,,,16,1024,128,,,800098.0,,,,,,160158475,23456751,21074245,
slatedb16,1,memory,true,false,,,,,,,,16,128,128,,,146191.0,,,,,,22146627,3216311,2669332,
slatedb16,1,row,false,false,files,,,1024,cold,,,,,,,1,19940.338,19967.343,,,,,,,,1024.0
slatedb16,1,row,false,false,files,,,1024,warm,,,,,,,32,44.104,44.170,,,,,,,,0.0
slatedb16,1,row,false,false,files,,,128,cold,,,,,,,1,2617.357,2909.260,,,,,,,,128.0
slatedb16,1,row,false,false,files,,,128,warm,,,,,,,32,23.287,23.305,,,,,,,,0.0
slatedb16,1,row,false,false,files,,,16,cold,,,,,,,1,1008.660,1033.050,,,,,,,,16.0
slatedb16,1,row,false,false,files,,,16,warm,,,,,,,32,23.545,23.572,,,,,,,,0.0
slatedb16,1,row,false,false,inline,,,1024,cold,,,,,,,1,4768.937,4819.588,,,,,,,,0.0
slatedb16,1,row,false,false,inline,,,1024,warm,,,,,,,32,29.721,29.739,,,,,,,,0.0
slatedb16,1,row,false,false,inline,,,128,cold,,,,,,,1,1309.772,1337.478,,,,,,,,0.0
slatedb16,1,row,false,false,inline,,,128,warm,,,,,,,32,30.914,30.940,,,,,,,,0.0
slatedb16,1,row,false,false,inline,,,16,cold,,,,,,,1,521.059,551.779,,,,,,,,0.0
slatedb16,1,row,false,false,inline,,,16,warm,,,,,,,32,29.806,29.824,,,,,,,,0.0
slatedb16,1,row,false,true,recent,,,1024,cold,,,,,,,1,2558.948,2580.406,,,,,,,,0.0
slatedb16,1,row,false,true,recent,,,1024,warm,,,,,,,32,79.477,79.503,,,,,,,,0.0
slatedb16,1,row,false,false,recent,,,1024,cold,,,,,,,1,4373.459,4393.744,,,,,,,,0.0
slatedb16,1,row,false,false,recent,,,1024,warm,,,,,,,32,65.106,65.130,,,,,,,,0.0
slatedb16,1,row,false,false,recent,,,128,cold,,,,,,,1,1043.399,1055.049,,,,,,,,0.0
slatedb16,1,row,false,false,recent,,,128,warm,,,,,,,32,57.746,57.764,,,,,,,,0.0
slatedb16,1,row,false,true,recent,,,16,cold,,,,,,,1,268.764,279.486,,,,,,,,0.0
slatedb16,1,row,false,true,recent,,,16,warm,,,,,,,32,80.101,80.136,,,,,,,,0.0
slatedb16,1,row,false,false,recent,,,16,cold,,,,,,,1,381.060,392.517,,,,,,,,0.0
slatedb16,1,row,false,false,recent,,,16,warm,,,,,,,32,70.379,70.424,,,,,,,,0.0
slatedb16,1,row,true,false,files,,,1024,cold,,,,,,,1,13838.581,13865.682,,,,107983.0,20996254.0,,,1024.0
slatedb16,1,row,true,false,files,,,1024,warm,,,,,,,32,29.209,29.230,,,,211.4,26078.5,,,0.0
slatedb16,1,row,true,false,files,,,128,cold,,,,,,,1,2212.798,2230.764,,,,14527.0,2865522.0,,,128.0
slatedb16,1,row,true,false,files,,,128,warm,,,,,,,32,25.909,25.926,,,,211.2,25987.2,,,0.0
slatedb16,1,row,true,false,files,,,16,cold,,,,,,,1,1044.576,1082.627,,,,2953.0,613592.0,,,16.0
slatedb16,1,row,true,false,files,,,16,warm,,,,,,,32,25.562,25.579,,,,211.2,25987.2,,,0.0
slatedb16,1,row,true,false,inline,,,1024,cold,,,,,,,1,5259.358,5306.297,,,,51047.0,14578613.0,,,0.0
slatedb16,1,row,true,false,inline,,,1024,warm,,,,,,,32,38.956,38.992,,,,299.4,40532.5,,,0.0
slatedb16,1,row,true,false,inline,,,128,cold,,,,,,,1,1057.409,1074.527,,,,7607.0,1872811.0,,,0.0
slatedb16,1,row,true,false,inline,,,128,warm,,,,,,,32,33.028,33.045,,,,299.2,40441.2,,,0.0
slatedb16,1,row,true,false,inline,,,16,cold,,,,,,,1,502.594,524.920,,,,2312.0,540944.0,,,0.0
slatedb16,1,row,true,false,inline,,,16,warm,,,,,,,32,46.706,46.739,,,,347.1,106902.7,,,0.0
slatedb16,1,row,true,true,recent,,,1024,cold,,,,,,,1,2865.281,2886.168,,,,27078.0,6657121.0,,,0.0
slatedb16,1,row,true,true,recent,,,1024,warm,,,,,,,32,88.189,88.218,,,,707.0,97152.0,,,0.0
slatedb16,1,row,true,false,recent,,,1024,cold,,,,,,,1,5176.824,5194.776,,,,50396.0,14371320.0,,,0.0
slatedb16,1,row,true,false,recent,,,1024,warm,,,,,,,32,71.350,71.385,,,,533.4,75416.5,,,0.0
slatedb16,1,row,true,false,recent,,,128,cold,,,,,,,1,1268.220,1277.401,,,,8467.0,3790977.0,,,0.0
slatedb16,1,row,true,false,recent,,,128,warm,,,,,,,32,69.318,69.352,,,,511.4,73173.5,,,0.0
slatedb16,1,row,true,true,recent,,,16,cold,,,,,,,1,275.621,285.446,,,,1231.0,221981.0,,,0.0
slatedb16,1,row,true,true,recent,,,16,warm,,,,,,,32,82.876,82.894,,,,687.0,94968.0,,,0.0
slatedb16,1,row,true,false,recent,,,16,cold,,,,,,,1,410.787,426.967,,,,1642.0,332635.0,,,0.0
slatedb16,1,row,true,false,recent,,,16,warm,,,,,,,32,66.816,66.847,,,,513.6,73323.8,,,0.0
slatedb16,1,verb,false,false,,0,8,,,,,,,,0,60,1178.022,162.985,1105.006,73.015,3.166,,,,,
slatedb16,1,verb,false,false,,0,8,,,,,,,,10,60,11086.266,418.848,10926.736,159.530,10.512,,,,,
slatedb16,1,verb,false,false,,1024,8,,,,,,,,0,60,1197.090,199.973,1102.147,94.943,3.372,,,,,
slatedb16,1,verb,false,false,,128,8,,,,,,,,0,60,1173.524,152.808,1101.569,71.956,2.593,,,,,
slatedb16,1,verb,false,false,,4096,8,,,,,,,,0,60,1182.911,162.239,1107.752,75.159,2.892,,,,,
slatedb16,1,verb,false,false,,4096,8,,,,,,,,10,60,11110.728,445.848,10917.177,193.551,9.466,,,,,
slatedb16,1,verb,true,false,,0,8,,,,,,,,0,60,1183.197,181.473,1114.605,68.592,3.065,242.2,122206.5,,,
slatedb16,1,verb,true,false,,0,8,,,,,,,,10,60,11097.511,406.163,10917.812,179.698,8.997,241.9,122060.5,,,
slatedb16,1,verb,true,false,,1024,8,,,,,,,,0,60,1202.496,196.732,1116.644,85.852,3.534,258.4,133718.0,,,
slatedb16,1,verb,true,false,,128,8,,,,,,,,0,60,1167.567,172.287,1105.124,62.443,3.425,256.3,131619.4,,,
slatedb16,1,verb,true,false,,4096,8,,,,,,,,0,60,1168.839,152.094,1100.973,67.866,2.440,260.2,140924.0,,,
slatedb16,1,verb,true,false,,4096,8,,,,,,,,10,60,11147.778,438.669,10963.219,184.559,8.911,260.9,143259.0,,,
slatedb16,2,build,false,false,,,,,,,,128,128,128,,,305140.0,220415.0,,,,,,,,
slatedb16,2,build,false,false,,,,,,,,128,128,16,,,1483992.0,479293.0,,,,,,,,
slatedb16,2,build,false,false,,,,,,,,16,1024,128,,,290750.0,201864.0,,,,,,,,
slatedb16,2,build,false,false,,,,,,,,16,128,128,,,39828.0,27540.0,,,,,,,,
slatedb16,2,index,false,false,,,,,,1024,1,,,,,20,1204.023,193.566,,,2.880,,,,,
slatedb16,2,index,false,false,,,,,,1024,1024,,,,,20,2516.517,2570.293,,,3.971,,,,,
slatedb16,2,index,false,false,,,,,,65536,1,,,,,20,1202.681,187.585,,,2.591,,,,,
slatedb16,2,index,false,false,,,,,,65536,1024,,,,,20,2386.322,2366.076,,,3.657,,,,,
slatedb16,2,index,true,false,,,,,,1024,1,,,,,20,1131.053,169.734,,,2.658,415.2,180704.8,,,
slatedb16,2,index,true,false,,,,,,1024,1024,,,,,20,2552.865,2638.678,,,4.570,13800.5,2910677.5,,,
slatedb16,2,index,true,false,,,,,,65536,1,,,,,20,1239.633,234.135,,,3.579,415.9,181076.0,,,
slatedb16,2,index,true,false,,,,,,65536,1024,,,,,20,2503.585,2505.205,,,4.603,13799.6,2910361.6,,,
slatedb16,2,memory,true,false,,,,,,,,128,128,128,,,925603.0,,,,,,164708287,22585899,21091619,
slatedb16,2,memory,true,false,,,,,,,,128,128,16,,,2845454.0,,,,,,341447848,24002662,22636213,
slatedb16,2,memory,true,false,,,,,,,,16,1024,128,,,818307.0,,,,,,160294980,23457791,21075285,
slatedb16,2,memory,true,false,,,,,,,,16,128,128,,,124507.0,,,,,,21622322,3215567,2668588,
slatedb16,2,row,false,false,files,,,1024,cold,,,,,,,1,13100.579,13126.929,,,,,,,,1024.0
slatedb16,2,row,false,false,files,,,1024,warm,,,,,,,32,24.636,24.653,,,,,,,,0.0
slatedb16,2,row,false,false,files,,,128,cold,,,,,,,1,2624.441,2645.074,,,,,,,,128.0
slatedb16,2,row,false,false,files,,,128,warm,,,,,,,32,22.849,22.865,,,,,,,,0.0
slatedb16,2,row,false,false,files,,,16,cold,,,,,,,1,769.736,792.481,,,,,,,,16.0
slatedb16,2,row,false,false,files,,,16,warm,,,,,,,32,23.378,23.397,,,,,,,,0.0
slatedb16,2,row,false,false,inline,,,1024,cold,,,,,,,1,4229.877,4266.907,,,,,,,,0.0
slatedb16,2,row,false,false,inline,,,1024,warm,,,,,,,32,30.507,30.526,,,,,,,,0.0
slatedb16,2,row,false,false,inline,,,128,cold,,,,,,,1,1258.003,1283.503,,,,,,,,0.0
slatedb16,2,row,false,false,inline,,,128,warm,,,,,,,32,30.110,30.133,,,,,,,,0.0
slatedb16,2,row,false,false,inline,,,16,cold,,,,,,,1,482.774,504.340,,,,,,,,0.0
slatedb16,2,row,false,false,inline,,,16,warm,,,,,,,32,42.598,42.631,,,,,,,,0.0
slatedb16,2,row,false,true,recent,,,1024,cold,,,,,,,1,2465.797,2495.046,,,,,,,,0.0
slatedb16,2,row,false,true,recent,,,1024,warm,,,,,,,32,79.577,79.596,,,,,,,,0.0
slatedb16,2,row,false,false,recent,,,1024,cold,,,,,,,1,7182.794,7205.562,,,,,,,,0.0
slatedb16,2,row,false,false,recent,,,1024,warm,,,,,,,32,95.132,95.211,,,,,,,,0.0
slatedb16,2,row,false,false,recent,,,128,cold,,,,,,,1,1135.765,1145.078,,,,,,,,0.0
slatedb16,2,row,false,false,recent,,,128,warm,,,,,,,32,59.693,59.711,,,,,,,,0.0
slatedb16,2,row,false,true,recent,,,16,cold,,,,,,,1,259.405,268.992,,,,,,,,0.0
slatedb16,2,row,false,true,recent,,,16,warm,,,,,,,32,76.950,76.971,,,,,,,,0.0
slatedb16,2,row,false,false,recent,,,16,cold,,,,,,,1,312.361,323.490,,,,,,,,0.0
slatedb16,2,row,false,false,recent,,,16,warm,,,,,,,32,72.754,72.787,,,,,,,,0.0
slatedb16,2,row,true,false,files,,,1024,cold,,,,,,,1,13720.426,13728.509,,,,109393.0,23094079.0,,,1024.0
slatedb16,2,row,true,false,files,,,1024,warm,,,,,,,32,28.623,28.651,,,,211.4,26078.5,,,0.0
slatedb16,2,row,true,false,files,,,128,cold,,,,,,,1,2244.164,2265.360,,,,14533.0,2868442.0,,,128.0
slatedb16,2,row,true,false,files,,,128,warm,,,,,,,32,26.488,26.507,,,,211.2,25987.2,,,0.0
slatedb16,2,row,true,false,files,,,16,cold,,,,,,,1,1334.637,1355.830,,,,4377.0,2717777.0,,,16.0
slatedb16,2,row,true,false,files,,,16,warm,,,,,,,32,25.056,25.071,,,,211.2,25987.2,,,0.0
slatedb16,2,row,true,false,inline,,,1024,cold,,,,,,,1,4792.472,4826.424,,,,49519.0,12453599.0,,,0.0
slatedb16,2,row,true,false,inline,,,1024,warm,,,,,,,32,34.857,34.882,,,,299.2,40441.2,,,0.0
slatedb16,2,row,true,false,inline,,,128,cold,,,,,,,1,1339.507,1376.235,,,,9134.0,3996729.0,,,0.0
slatedb16,2,row,true,false,inline,,,128,warm,,,,,,,32,33.903,33.921,,,,299.4,40532.5,,,0.0
slatedb16,2,row,true,false,inline,,,16,cold,,,,,,,1,899.448,933.638,,,,3844.0,2667278.0,,,0.0
slatedb16,2,row,true,false,inline,,,16,warm,,,,,,,32,34.217,34.236,,,,299.2,40441.2,,,0.0
slatedb16,2,row,true,true,recent,,,1024,cold,,,,,,,1,2902.863,2918.943,,,,27078.0,6657121.0,,,0.0
slatedb16,2,row,true,true,recent,,,1024,warm,,,,,,,32,85.831,85.855,,,,707.0,97152.0,,,0.0
slatedb16,2,row,true,false,recent,,,1024,cold,,,,,,,1,5872.529,5227.273,,,,50396.0,14371320.0,,,0.0
slatedb16,2,row,true,false,recent,,,1024,warm,,,,,,,32,72.642,72.681,,,,533.4,75416.5,,,0.0
slatedb16,2,row,true,false,recent,,,128,cold,,,,,,,1,1178.538,1189.468,,,,8461.0,3788129.0,,,0.0
slatedb16,2,row,true,false,recent,,,128,warm,,,,,,,32,68.027,67.096,,,,511.4,73173.5,,,0.0
slatedb16,2,row,true,true,recent,,,16,cold,,,,,,,1,272.258,281.070,,,,1232.0,222413.0,,,0.0
slatedb16,2,row,true,true,recent,,,16,warm,,,,,,,32,84.752,84.781,,,,693.2,101208.4,,,0.0
slatedb16,2,row,true,false,recent,,,16,cold,,,,,,,1,349.829,362.269,,,,1642.0,332635.0,,,0.0
slatedb16,2,row,true,false,recent,,,16,warm,,,,,,,32,104.576,104.622,,,,547.7,123694.4,,,0.0
slatedb16,2,verb,false,false,,0,8,,,,,,,,0,60,1181.810,164.861,1110.059,71.751,2.885,,,,,
slatedb16,2,verb,false,false,,0,8,,,,,,,,10,60,11126.197,452.345,10952.022,174.175,10.005,,,,,
slatedb16,2,verb,false,false,,1024,8,,,,,,,,0,60,1173.121,159.785,1108.583,64.538,2.860,,,,,
slatedb16,2,verb,false,false,,128,8,,,,,,,,0,60,1182.152,163.830,1110.287,71.865,2.999,,,,,
slatedb16,2,verb,false,false,,4096,8,,,,,,,,0,60,1168.715,151.049,1100.708,68.007,2.563,,,,,
slatedb16,2,verb,false,false,,4096,8,,,,,,,,10,60,11096.605,360.188,10974.964,121.640,8.899,,,,,
slatedb16,2,verb,true,false,,0,8,,,,,,,,0,60,1202.493,185.779,1116.481,86.012,3.401,242.1,122157.8,,,
slatedb16,2,verb,true,false,,0,8,,,,,,,,10,60,11081.639,399.715,10921.063,160.577,9.462,241.9,122060.5,,,
slatedb16,2,verb,true,false,,1024,8,,,,,,,,0,60,1199.001,204.338,1104.251,94.750,3.546,258.7,133864.0,,,
slatedb16,2,verb,true,false,,128,8,,,,,,,,0,60,1177.944,171.938,1103.951,73.993,2.900,256.3,131619.4,,,
slatedb16,2,verb,true,false,,4096,8,,,,,,,,0,60,1198.166,207.047,1097.896,100.270,3.281,260.2,140924.0,,,
slatedb16,2,verb,true,false,,4096,8,,,,,,,,10,60,11069.896,465.903,10890.818,179.078,9.817,260.9,143259.0,,,
slatedb16,3,build,false,false,,,,,,,,128,128,128,,,301295.0,214969.0,,,,,,,,
slatedb16,3,build,false,false,,,,,,,,128,128,16,,,1506931.0,505972.0,,,,,,,,
slatedb16,3,build,false,false,,,,,,,,16,1024,128,,,283682.0,197159.0,,,,,,,,
slatedb16,3,build,false,false,,,,,,,,16,128,128,,,39769.0,27714.0,,,,,,,,
slatedb16,3,index,false,false,,,,,,1024,1,,,,,20,1209.301,187.169,,,3.052,,,,,
slatedb16,3,index,false,false,,,,,,1024,1024,,,,,20,2579.041,2529.168,,,3.370,,,,,
slatedb16,3,index,false,false,,,,,,65536,1,,,,,20,1234.019,169.050,,,2.435,,,,,
slatedb16,3,index,false,false,,,,,,65536,1024,,,,,20,2357.274,2281.557,,,3.112,,,,,
slatedb16,3,index,true,false,,,,,,1024,1,,,,,20,1226.852,201.923,,,2.756,414.6,180412.8,,,
slatedb16,3,index,true,false,,,,,,1024,1024,,,,,20,2531.952,2609.739,,,4.488,13800.2,2910531.5,,,
slatedb16,3,index,true,false,,,,,,65536,1,,,,,20,1128.291,224.776,,,3.468,414.9,180638.0,,,
slatedb16,3,index,true,false,,,,,,65536,1024,,,,,20,2563.012,2584.710,,,4.170,13801.5,2911237.6,,,
slatedb16,3,memory,true,false,,,,,,,,128,128,128,,,858517.0,,,,,,164595822,22585899,21091619,
slatedb16,3,memory,true,false,,,,,,,,128,128,16,,,2625316.0,,,,,,341171903,24002662,22636213,
slatedb16,3,memory,true,false,,,,,,,,16,1024,128,,,827195.0,,,,,,159995128,23457791,21075285,
slatedb16,3,memory,true,false,,,,,,,,16,128,128,,,122836.0,,,,,,22666566,3218015,2671036,
slatedb16,3,row,false,false,files,,,1024,cold,,,,,,,1,12903.537,12932.029,,,,,,,,1024.0
slatedb16,3,row,false,false,files,,,1024,warm,,,,,,,32,27.266,27.304,,,,,,,,0.0
slatedb16,3,row,false,false,files,,,128,cold,,,,,,,1,3707.608,3733.902,,,,,,,,128.0
slatedb16,3,row,false,false,files,,,128,warm,,,,,,,32,38.106,38.162,,,,,,,,0.0
slatedb16,3,row,false,false,files,,,16,cold,,,,,,,1,1324.405,1349.551,,,,,,,,16.0
slatedb16,3,row,false,false,files,,,16,warm,,,,,,,32,24.235,24.255,,,,,,,,0.0
slatedb16,3,row,false,false,inline,,,1024,cold,,,,,,,1,4219.049,4244.529,,,,,,,,0.0
slatedb16,3,row,false,false,inline,,,1024,warm,,,,,,,32,30.630,30.649,,,,,,,,0.0
slatedb16,3,row,false,false,inline,,,128,cold,,,,,,,1,919.156,942.971,,,,,,,,0.0
slatedb16,3,row,false,false,inline,,,128,warm,,,,,,,32,30.336,30.362,,,,,,,,0.0
slatedb16,3,row,false,false,inline,,,16,cold,,,,,,,1,473.407,497.375,,,,,,,,0.0
slatedb16,3,row,false,false,inline,,,16,warm,,,,,,,32,29.736,29.752,,,,,,,,0.0
slatedb16,3,row,false,true,recent,,,1024,cold,,,,,,,1,2583.412,2601.644,,,,,,,,0.0
slatedb16,3,row,false,true,recent,,,1024,warm,,,,,,,32,79.118,79.138,,,,,,,,0.0
slatedb16,3,row,false,false,recent,,,1024,cold,,,,,,,1,4385.260,4398.204,,,,,,,,0.0
slatedb16,3,row,false,false,recent,,,1024,warm,,,,,,,32,66.336,66.379,,,,,,,,0.0
slatedb16,3,row,false,false,recent,,,128,cold,,,,,,,1,1086.203,1098.885,,,,,,,,0.0
slatedb16,3,row,false,false,recent,,,128,warm,,,,,,,32,58.425,58.457,,,,,,,,0.0
slatedb16,3,row,false,true,recent,,,16,cold,,,,,,,1,270.942,280.618,,,,,,,,0.0
slatedb16,3,row,false,true,recent,,,16,warm,,,,,,,32,77.076,77.108,,,,,,,,0.0
slatedb16,3,row,false,false,recent,,,16,cold,,,,,,,1,394.537,404.923,,,,,,,,0.0
slatedb16,3,row,false,false,recent,,,16,warm,,,,,,,32,60.349,60.377,,,,,,,,0.0
slatedb16,3,row,true,false,files,,,1024,cold,,,,,,,1,14045.435,14072.903,,,,109407.0,23100439.0,,,1024.0
slatedb16,3,row,true,false,files,,,1024,warm,,,,,,,32,27.858,27.880,,,,211.2,25987.2,,,0.0
slatedb16,3,row,true,false,files,,,128,cold,,,,,,,1,2702.402,2721.735,,,,15949.0,4969187.0,,,128.0
slatedb16,3,row,true,false,files,,,128,warm,,,,,,,32,25.689,25.705,,,,211.2,25987.2,,,0.0
slatedb16,3,row,true,false,files,,,16,cold,,,,,,,1,909.730,930.825,,,,2955.0,614112.0,,,16.0
slatedb16,3,row,true,false,files,,,16,warm,,,,,,,32,26.569,26.590,,,,211.2,25987.2,,,0.0
slatedb16,3,row,true,false,inline,,,1024,cold,,,,,,,1,5229.020,5250.248,,,,51046.0,14577445.0,,,0.0
slatedb16,3,row,true,false,inline,,,1024,warm,,,,,,,32,34.598,34.618,,,,299.4,40532.5,,,0.0
slatedb16,3,row,true,false,inline,,,128,cold,,,,,,,1,2059.639,2083.484,,,,9140.0,3999577.0,,,0.0
slatedb16,3,row,true,false,inline,,,128,warm,,,,,,,32,38.495,38.533,,,,299.4,40532.5,,,0.0
slatedb16,3,row,true,false,inline,,,16,cold,,,,,,,1,497.709,520.343,,,,2312.0,540944.0,,,0.0
slatedb16,3,row,true,false,inline,,,16,warm,,,,,,,32,33.887,33.905,,,,299.4,40532.5,,,0.0
slatedb16,3,row,true,true,recent,,,1024,cold,,,,,,,1,2837.144,2854.158,,,,27078.0,6657121.0,,,0.0
slatedb16,3,row,true,true,recent,,,1024,warm,,,,,,,32,88.567,88.603,,,,707.0,97152.0,,,0.0
slatedb16,3,row,true,false,recent,,,1024,cold,,,,,,,1,4511.881,4528.724,,,,48863.0,12244554.0,,,0.0
slatedb16,3,row,true,false,recent,,,1024,warm,,,,,,,32,70.660,70.688,,,,533.6,75507.8,,,0.0
slatedb16,3,row,true,false,recent,,,128,cold,,,,,,,1,1155.936,1166.027,,,,8460.0,3788041.0,,,0.0
slatedb16,3,row,true,false,recent,,,128,warm,,,,,,,32,65.386,65.413,,,,511.4,73173.5,,,0.0
slatedb16,3,row,true,true,recent,,,16,cold,,,,,,,1,339.401,349.550,,,,1429.0,421586.0,,,0.0
slatedb16,3,row,true,true,recent,,,16,warm,,,,,,,32,84.586,84.618,,,,687.0,94968.0,,,0.0
slatedb16,3,row,true,false,recent,,,16,cold,,,,,,,1,732.221,751.228,,,,3175.0,2459401.0,,,0.0
slatedb16,3,row,true,false,recent,,,16,warm,,,,,,,32,66.080,66.109,,,,513.4,73232.5,,,0.0
slatedb16,3,verb,false,false,,0,8,,,,,,,,0,60,1161.730,142.554,1104.471,57.258,2.640,,,,,
slatedb16,3,verb,false,false,,0,8,,,,,,,,10,60,11082.965,393.116,10922.785,160.181,8.872,,,,,
slatedb16,3,verb,false,false,,1024,8,,,,,,,,0,60,1187.419,193.277,1099.009,88.409,3.084,,,,,
slatedb16,3,verb,false,false,,128,8,,,,,,,,0,60,1146.978,150.809,1087.325,59.653,2.681,,,,,
slatedb16,3,verb,false,false,,4096,8,,,,,,,,0,60,1177.442,155.292,1100.670,76.772,2.448,,,,,
slatedb16,3,verb,false,false,,4096,8,,,,,,,,10,60,11136.703,513.860,10921.415,215.288,11.048,,,,,
slatedb16,3,verb,true,false,,0,8,,,,,,,,0,60,1161.380,141.227,1103.404,57.976,2.702,242.5,122352.5,,,
slatedb16,3,verb,true,false,,0,8,,,,,,,,10,60,11135.161,438.939,10956.791,178.371,10.346,241.9,122060.5,,,
slatedb16,3,verb,true,false,,1024,8,,,,,,,,0,60,1229.873,211.638,1105.863,124.010,2.876,258.9,133961.3,,,
slatedb16,3,verb,true,false,,128,8,,,,,,,,0,60,1172.609,173.725,1093.602,79.007,2.357,256.4,131668.1,,,
slatedb16,3,verb,true,false,,4096,8,,,,,,,,0,60,1188.613,172.200,1108.513,80.100,2.925,260.5,141070.0,,,
slatedb16,3,verb,true,false,,4096,8,,,,,,,,10,60,11120.802,536.929,10884.317,236.485,11.370,260.9,143259.0,,,
slatedb16,4,build,false,false,,,,,,,,128,128,128,,,303352.0,215823.0,,,,,,,,
slatedb16,4,build,false,false,,,,,,,,128,128,16,,,1490975.0,493368.0,,,,,,,,
slatedb16,4,build,false,false,,,,,,,,16,1024,128,,,287298.0,202283.0,,,,,,,,
slatedb16,4,build,false,false,,,,,,,,16,128,128,,,39018.0,27883.0,,,,,,,,
slatedb16,4,index,false,false,,,,,,1024,1,,,,,20,1211.959,197.584,,,3.100,,,,,
slatedb16,4,index,false,false,,,,,,1024,1024,,,,,20,2648.980,2930.313,,,3.350,,,,,
slatedb16,4,index,false,false,,,,,,65536,1,,,,,20,1190.870,174.098,,,2.491,,,,,
slatedb16,4,index,false,false,,,,,,65536,1024,,,,,20,3123.630,3223.768,,,4.177,,,,,
slatedb16,4,index,true,false,,,,,,1024,1,,,,,20,1189.226,169.067,,,2.761,415.2,180704.8,,,
slatedb16,4,index,true,false,,,,,,1024,1024,,,,,20,2665.330,2673.602,,,4.415,13800.0,2910385.5,,,
slatedb16,4,index,true,false,,,,,,65536,1,,,,,20,1204.212,187.547,,,3.102,415.9,181076.0,,,
slatedb16,4,index,true,false,,,,,,65536,1024,,,,,20,2521.451,2484.072,,,3.742,13800.2,2910653.6,,,
slatedb16,4,memory,true,false,,,,,,,,128,128,128,,,857974.0,,,,,,164520412,22585899,21091619,
slatedb16,4,memory,true,false,,,,,,,,128,128,16,,,2603958.0,,,,,,341104379,24002142,22635693,
slatedb16,4,memory,true,false,,,,,,,,16,1024,128,,,785120.0,,,,,,159895560,23457271,21074765,
slatedb16,4,memory,true,false,,,,,,,,16,128,128,,,108444.0,,,,,,21878607,3215679,2668700,
slatedb16,4,row,false,false,files,,,1024,cold,,,,,,,1,12708.555,12741.918,,,,,,,,1024.0
slatedb16,4,row,false,false,files,,,1024,warm,,,,,,,32,30.666,30.707,,,,,,,,0.0
slatedb16,4,row,false,false,files,,,128,cold,,,,,,,1,2524.635,2546.029,,,,,,,,128.0
slatedb16,4,row,false,false,files,,,128,warm,,,,,,,32,25.241,25.262,,,,,,,,0.0
slatedb16,4,row,false,false,files,,,16,cold,,,,,,,1,884.650,904.684,,,,,,,,16.0
slatedb16,4,row,false,false,files,,,16,warm,,,,,,,32,23.959,23.980,,,,,,,,0.0
slatedb16,4,row,false,false,inline,,,1024,cold,,,,,,,1,4572.126,4600.718,,,,,,,,0.0
slatedb16,4,row,false,false,inline,,,1024,warm,,,,,,,32,31.620,31.649,,,,,,,,0.0
slatedb16,4,row,false,false,inline,,,128,cold,,,,,,,1,1352.924,1367.939,,,,,,,,0.0
slatedb16,4,row,false,false,inline,,,128,warm,,,,,,,32,55.767,33.650,,,,,,,,0.0
slatedb16,4,row,false,false,inline,,,16,cold,,,,,,,1,499.444,522.192,,,,,,,,0.0
slatedb16,4,row,false,false,inline,,,16,warm,,,,,,,32,41.570,41.601,,,,,,,,0.0
slatedb16,4,row,false,true,recent,,,1024,cold,,,,,,,1,2473.066,2489.798,,,,,,,,0.0
slatedb16,4,row,false,true,recent,,,1024,warm,,,,,,,32,78.648,78.669,,,,,,,,0.0
slatedb16,4,row,false,false,recent,,,1024,cold,,,,,,,1,3900.564,3917.090,,,,,,,,0.0
slatedb16,4,row,false,false,recent,,,1024,warm,,,,,,,32,64.362,64.385,,,,,,,,0.0
slatedb16,4,row,false,false,recent,,,128,cold,,,,,,,1,1093.864,1101.505,,,,,,,,0.0
slatedb16,4,row,false,false,recent,,,128,warm,,,,,,,32,59.808,59.831,,,,,,,,0.0
slatedb16,4,row,false,true,recent,,,16,cold,,,,,,,1,280.854,292.239,,,,,,,,0.0
slatedb16,4,row,false,true,recent,,,16,warm,,,,,,,32,75.957,75.978,,,,,,,,0.0
slatedb16,4,row,false,false,recent,,,16,cold,,,,,,,1,376.132,389.514,,,,,,,,0.0
slatedb16,4,row,false,false,recent,,,16,warm,,,,,,,32,59.310,59.327,,,,,,,,0.0
slatedb16,4,row,true,false,files,,,1024,cold,,,,,,,1,15637.135,15660.666,,,,109407.0,23100439.0,,,1024.0
slatedb16,4,row,true,false,files,,,1024,warm,,,,,,,32,28.677,28.696,,,,211.4,26078.5,,,0.0
slatedb16,4,row,true,false,files,,,128,cold,,,,,,,1,3387.811,3409.548,,,,14533.0,2868442.0,,,128.0
slatedb16,4,row,true,false,files,,,128,warm,,,,,,,32,40.628,40.685,,,,211.4,26078.5,,,0.0
slatedb16,4,row,true,false,files,,,16,cold,,,,,,,1,1473.558,1485.470,,,,4375.0,2717257.0,,,16.0
slatedb16,4,row,true,false,files,,,16,warm,,,,,,,32,26.282,26.302,,,,211.2,25987.2,,,0.0
slatedb16,4,row,true,false,inline,,,1024,cold,,,,,,,1,5917.750,5954.324,,,,51052.0,14580365.0,,,0.0
slatedb16,4,row,true,false,inline,,,1024,warm,,,,,,,32,42.068,41.790,,,,299.2,40441.2,,,0.0
slatedb16,4,row,true,false,inline,,,128,cold,,,,,,,1,1389.429,1428.036,,,,9135.0,3996745.0,,,0.0
slatedb16,4,row,true,false,inline,,,128,warm,,,,,,,32,34.207,34.227,,,,299.4,40532.5,,,0.0
slatedb16,4,row,true,false,inline,,,16,cold,,,,,,,1,1333.063,1369.265,,,,3848.0,2668318.0,,,0.0
slatedb16,4,row,true,false,inline,,,16,warm,,,,,,,32,52.854,52.921,,,,299.4,40532.5,,,0.0
slatedb16,4,row,true,true,recent,,,1024,cold,,,,,,,1,2931.197,2953.228,,,,27079.0,6658289.0,,,0.0
slatedb16,4,row,true,true,recent,,,1024,warm,,,,,,,32,91.731,91.781,,,,707.0,97152.0,,,0.0
slatedb16,4,row,true,false,recent,,,1024,cold,,,,,,,1,4713.283,4733.186,,,,48869.0,12247474.0,,,0.0
slatedb16,4,row,true,false,recent,,,1024,warm,,,,,,,32,71.628,71.668,,,,533.4,75416.5,,,0.0
slatedb16,4,row,true,false,recent,,,128,cold,,,,,,,1,1177.732,1186.915,,,,8460.0,3787969.0,,,0.0
slatedb16,4,row,true,false,recent,,,128,warm,,,,,,,32,64.260,64.277,,,,511.4,73173.5,,,0.0
slatedb16,4,row,true,true,recent,,,16,cold,,,,,,,1,351.890,363.179,,,,1427.0,421066.0,,,0.0
slatedb16,4,row,true,true,recent,,,16,warm,,,,,,,32,82.067,82.085,,,,687.0,94968.0,,,0.0
slatedb16,4,row,true,false,recent,,,16,cold,,,,,,,1,394.794,411.950,,,,1644.0,333155.0,,,0.0
slatedb16,4,row,true,false,recent,,,16,warm,,,,,,,32,64.825,64.845,,,,513.4,73232.5,,,0.0
slatedb16,4,verb,false,false,,0,8,,,,,,,,0,60,1165.350,164.526,1100.004,65.346,2.594,,,,,
slatedb16,4,verb,false,false,,0,8,,,,,,,,10,60,11075.038,460.725,10884.892,190.145,10.822,,,,,
slatedb16,4,verb,false,false,,1024,8,,,,,,,,0,60,1204.444,198.827,1111.696,92.748,3.122,,,,,
slatedb16,4,verb,false,false,,128,8,,,,,,,,0,60,1177.781,174.931,1089.994,87.787,2.849,,,,,
slatedb16,4,verb,false,false,,4096,8,,,,,,,,0,60,1213.526,201.376,1121.287,92.239,3.289,,,,,
slatedb16,4,verb,false,false,,4096,8,,,,,,,,10,60,11102.462,422.962,10913.420,189.043,8.061,,,,,
slatedb16,4,verb,true,false,,0,8,,,,,,,,0,60,1215.072,217.446,1142.090,72.982,2.861,242.4,122303.8,,,
slatedb16,4,verb,true,false,,0,8,,,,,,,,10,60,11148.288,410.756,10963.530,184.758,10.016,241.9,122060.5,,,
slatedb16,4,verb,true,false,,1024,8,,,,,,,,0,60,1180.921,163.170,1108.820,72.101,3.564,258.0,133523.3,,,
slatedb16,4,verb,true,false,,128,8,,,,,,,,0,60,1167.149,152.299,1105.255,61.894,2.834,256.4,131668.1,,,
slatedb16,4,verb,true,false,,4096,8,,,,,,,,0,60,1176.704,159.997,1103.751,72.953,2.751,260.2,140924.0,,,
slatedb16,4,verb,true,false,,4096,8,,,,,,,,10,60,11075.270,449.030,10895.861,179.408,10.356,260.8,143232.0,,,
slatedb16,5,build,false,false,,,,,,,,128,128,128,,,294679.0,207472.0,,,,,,,,
slatedb16,5,build,false,false,,,,,,,,128,128,16,,,1546093.0,545527.0,,,,,,,,
slatedb16,5,build,false,false,,,,,,,,16,1024,128,,,286832.0,196834.0,,,,,,,,
slatedb16,5,build,false,false,,,,,,,,16,128,128,,,38105.0,27058.0,,,,,,,,
slatedb16,5,index,false,false,,,,,,1024,1,,,,,20,1194.373,176.363,,,2.649,,,,,
slatedb16,5,index,false,false,,,,,,1024,1024,,,,,20,2370.553,2395.373,,,3.612,,,,,
slatedb16,5,index,false,false,,,,,,65536,1,,,,,20,1196.918,184.861,,,3.012,,,,,
slatedb16,5,index,false,false,,,,,,65536,1024,,,,,20,2356.005,2318.206,,,3.531,,,,,
slatedb16,5,index,true,false,,,,,,1024,1,,,,,20,1138.776,171.637,,,2.635,414.6,180412.8,,,
slatedb16,5,index,true,false,,,,,,1024,1024,,,,,20,2440.850,2423.557,,,3.057,13800.5,2910677.5,,,
slatedb16,5,index,true,false,,,,,,65536,1,,,,,20,1188.756,178.542,,,2.831,415.2,180784.0,,,
slatedb16,5,index,true,false,,,,,,65536,1024,,,,,20,2456.663,2443.163,,,3.568,13799.6,2910361.6,,,
slatedb16,5,memory,true,false,,,,,,,,128,128,128,,,884682.0,,,,,,164634072,22586419,21092139,
slatedb16,5,memory,true,false,,,,,,,,128,128,16,,,2623841.0,,,,,,341137237,24002142,22635693,
slatedb16,5,memory,true,false,,,,,,,,16,1024,128,,,803829.0,,,,,,159887328,23457791,21075285,
slatedb16,5,memory,true,false,,,,,,,,16,128,128,,,111215.0,,,,,,22060348,3216831,2669852,
slatedb16,5,row,false,false,files,,,1024,cold,,,,,,,1,12847.604,12822.030,,,,,,,,1024.0
slatedb16,5,row,false,false,files,,,1024,warm,,,,,,,32,24.410,24.429,,,,,,,,0.0
slatedb16,5,row,false,false,files,,,128,cold,,,,,,,1,2492.540,2510.960,,,,,,,,128.0
slatedb16,5,row,false,false,files,,,128,warm,,,,,,,32,22.886,22.904,,,,,,,,0.0
slatedb16,5,row,false,false,files,,,16,cold,,,,,,,1,1136.658,1160.297,,,,,,,,16.0
slatedb16,5,row,false,false,files,,,16,warm,,,,,,,32,22.088,22.106,,,,,,,,0.0
slatedb16,5,row,false,false,inline,,,1024,cold,,,,,,,1,5332.145,5373.066,,,,,,,,0.0
slatedb16,5,row,false,false,inline,,,1024,warm,,,,,,,32,40.838,40.898,,,,,,,,0.0
slatedb16,5,row,false,false,inline,,,128,cold,,,,,,,1,1258.028,1293.749,,,,,,,,0.0
slatedb16,5,row,false,false,inline,,,128,warm,,,,,,,32,29.218,29.235,,,,,,,,0.0
slatedb16,5,row,false,false,inline,,,16,cold,,,,,,,1,523.370,547.070,,,,,,,,0.0
slatedb16,5,row,false,false,inline,,,16,warm,,,,,,,32,29.951,29.972,,,,,,,,0.0
slatedb16,5,row,false,true,recent,,,1024,cold,,,,,,,1,2602.589,2617.629,,,,,,,,0.0
slatedb16,5,row,false,true,recent,,,1024,warm,,,,,,,32,79.149,79.175,,,,,,,,0.0
slatedb16,5,row,false,false,recent,,,1024,cold,,,,,,,1,5542.518,5560.339,,,,,,,,0.0
slatedb16,5,row,false,false,recent,,,1024,warm,,,,,,,32,63.217,63.235,,,,,,,,0.0
slatedb16,5,row,false,false,recent,,,128,cold,,,,,,,1,721.802,731.725,,,,,,,,0.0
slatedb16,5,row,false,false,recent,,,128,warm,,,,,,,32,59.627,59.648,,,,,,,,0.0
slatedb16,5,row,false,true,recent,,,16,cold,,,,,,,1,261.262,270.115,,,,,,,,0.0
slatedb16,5,row,false,true,recent,,,16,warm,,,,,,,32,74.244,74.265,,,,,,,,0.0
slatedb16,5,row,false,false,recent,,,16,cold,,,,,,,1,634.547,643.206,,,,,,,,0.0
slatedb16,5,row,false,false,recent,,,16,warm,,,,,,,32,60.012,60.039,,,,,,,,0.0
slatedb16,5,row,true,false,files,,,1024,cold,,,,,,,1,14050.558,14080.264,,,,109407.0,23100439.0,,,1024.0
slatedb16,5,row,true,false,files,,,1024,warm,,,,,,,32,28.211,28.232,,,,211.2,25987.2,,,0.0
slatedb16,5,row,true,false,files,,,128,cold,,,,,,,1,2731.292,2751.124,,,,15945.0,4966787.0,,,128.0
slatedb16,5,row,true,false,files,,,128,warm,,,,,,,32,27.613,27.634,,,,211.4,26078.5,,,0.0
slatedb16,5,row,true,false,files,,,16,cold,,,,,,,1,890.118,909.920,,,,2953.0,613592.0,,,16.0
slatedb16,5,row,true,false,files,,,16,warm,,,,,,,32,27.150,27.177,,,,211.2,25987.2,,,0.0
slatedb16,5,row,true,false,inline,,,1024,cold,,,,,,,1,5234.095,5256.593,,,,51046.0,14577445.0,,,0.0
slatedb16,5,row,true,false,inline,,,1024,warm,,,,,,,32,33.672,33.690,,,,299.4,40532.5,,,0.0
slatedb16,5,row,true,false,inline,,,128,cold,,,,,,,1,1349.656,1378.432,,,,9132.0,3996409.0,,,0.0
slatedb16,5,row,true,false,inline,,,128,warm,,,,,,,32,35.887,35.911,,,,299.4,40532.5,,,0.0
slatedb16,5,row,true,false,inline,,,16,cold,,,,,,,1,901.276,922.271,,,,3845.0,2667710.0,,,0.0
slatedb16,5,row,true,false,inline,,,16,warm,,,,,,,32,34.408,34.429,,,,299.2,40441.2,,,0.0
slatedb16,5,row,true,true,recent,,,1024,cold,,,,,,,1,2910.753,2931.426,,,,27078.0,6657121.0,,,0.0
slatedb16,5,row,true,true,recent,,,1024,warm,,,,,,,32,87.332,87.355,,,,707.0,97152.0,,,0.0
slatedb16,5,row,true,false,recent,,,1024,cold,,,,,,,1,5290.593,5258.284,,,,50397.0,14372488.0,,,0.0
slatedb16,5,row,true,false,recent,,,1024,warm,,,,,,,32,104.621,104.124,,,,533.8,75599.0,,,0.0
slatedb16,5,row,true,false,recent,,,128,cold,,,,,,,1,1369.331,1329.156,,,,8467.0,3790977.0,,,0.0
slatedb16,5,row,true,false,recent,,,128,warm,,,,,,,32,66.665,66.699,,,,511.4,73173.5,,,0.0
slatedb16,5,row,true,true,recent,,,16,cold,,,,,,,1,292.531,302.940,,,,1234.0,222933.0,,,0.0
slatedb16,5,row,true,true,recent,,,16,warm,,,,,,,32,85.234,85.299,,,,687.0,94968.0,,,0.0
slatedb16,5,row,true,false,recent,,,16,cold,,,,,,,1,396.575,407.152,,,,1642.0,332635.0,,,0.0
slatedb16,5,row,true,false,recent,,,16,warm,,,,,,,32,64.724,64.740,,,,513.6,73323.8,,,0.0
slatedb16,5,verb,false,false,,0,8,,,,,,,,0,60,1165.068,147.127,1100.385,64.683,2.725,,,,,
slatedb16,5,verb,false,false,,0,8,,,,,,,,10,60,11083.792,430.617,10903.045,180.748,10.417,,,,,
slatedb16,5,verb,false,false,,1024,8,,,,,,,,0,60,1172.733,171.459,1091.050,81.683,2.772,,,,,
slatedb16,5,verb,false,false,,128,8,,,,,,,,0,60,1166.936,150.985,1098.332,68.604,2.648,,,,,
slatedb16,5,verb,false,false,,4096,8,,,,,,,,0,60,1167.439,147.185,1098.118,69.320,2.463,,,,,
slatedb16,5,verb,false,false,,4096,8,,,,,,,,10,60,11182.716,358.956,11040.510,142.206,7.842,,,,,
slatedb16,5,verb,true,false,,0,8,,,,,,,,0,60,1165.777,145.577,1101.270,64.507,2.551,242.4,122303.8,,,
slatedb16,5,verb,true,false,,0,8,,,,,,,,10,60,11117.338,434.452,10936.686,180.652,10.386,241.9,122060.5,,,
slatedb16,5,verb,true,false,,1024,8,,,,,,,,0,60,1178.182,186.080,1097.660,80.522,4.001,258.3,133669.3,,,
slatedb16,5,verb,true,false,,128,8,,,,,,,,0,60,1144.349,164.153,1071.503,72.846,2.865,256.3,131619.4,,,
slatedb16,5,verb,true,false,,4096,8,,,,,,,,0,60,1229.707,214.016,1149.084,80.623,3.040,260.6,141118.7,,,
slatedb16,5,verb,true,false,,4096,8,,,,,,,,10,60,11078.010,392.673,10913.197,164.813,8.543,260.9,143259.0,,,
slatedb16,6,build,false,false,,,,,,,,128,128,128,,,303823.0,217959.0,,,,,,,,
slatedb16,6,build,false,false,,,,,,,,128,128,16,,,1467428.0,467334.0,,,,,,,,
slatedb16,6,build,false,false,,,,,,,,16,1024,128,,,285691.0,197885.0,,,,,,,,
slatedb16,6,build,false,false,,,,,,,,16,128,128,,,38316.0,27289.0,,,,,,,,
slatedb16,6,index,false,false,,,,,,1024,1,,,,,20,1192.980,182.515,,,2.554,,,,,
slatedb16,6,index,false,false,,,,,,1024,1024,,,,,20,2423.734,2520.307,,,3.370,,,,,
slatedb16,6,index,false,false,,,,,,65536,1,,,,,20,1196.252,177.209,,,2.228,,,,,
slatedb16,6,index,false,false,,,,,,65536,1024,,,,,20,2330.000,2251.343,,,3.074,,,,,
slatedb16,6,index,true,false,,,,,,1024,1,,,,,20,1183.434,163.709,,,2.499,414.9,180558.8,,,
slatedb16,6,index,true,false,,,,,,1024,1024,,,,,20,2452.332,2487.986,,,3.708,13800.0,2910385.5,,,
slatedb16,6,index,true,false,,,,,,65536,1,,,,,20,1204.549,191.372,,,2.685,415.2,180784.0,,,
slatedb16,6,index,true,false,,,,,,65536,1024,,,,,20,2448.469,2455.034,,,3.377,13800.0,2910507.6,,,
slatedb16,6,memory,true,false,,,,,,,,128,128,128,,,872899.0,,,,,,164589015,22585899,21091619,
slatedb16,6,memory,true,false,,,,,,,,128,128,16,,,2623255.0,,,,,,341199171,24002142,22635693,
slatedb16,6,memory,true,false,,,,,,,,16,1024,128,,,805229.0,,,,,,159907532,23457271,21074765,
slatedb16,6,memory,true,false,,,,,,,,16,128,128,,,110213.0,,,,,,21619155,3216719,2669740,
slatedb16,6,row,false,false,files,,,1024,cold,,,,,,,1,13956.728,13985.470,,,,,,,,1024.0
slatedb16,6,row,false,false,files,,,1024,warm,,,,,,,32,28.054,28.082,,,,,,,,0.0
slatedb16,6,row,false,false,files,,,128,cold,,,,,,,1,2553.662,2574.100,,,,,,,,128.0
slatedb16,6,row,false,false,files,,,128,warm,,,,,,,32,23.076,23.093,,,,,,,,0.0
slatedb16,6,row,false,false,files,,,16,cold,,,,,,,1,1734.323,1758.755,,,,,,,,16.0
slatedb16,6,row,false,false,files,,,16,warm,,,,,,,32,28.943,28.969,,,,,,,,0.0
slatedb16,6,row,false,false,inline,,,1024,cold,,,,,,,1,4644.367,4681.418,,,,,,,,0.0
slatedb16,6,row,false,false,inline,,,1024,warm,,,,,,,32,33.027,33.062,,,,,,,,0.0
slatedb16,6,row,false,false,inline,,,128,cold,,,,,,,1,1326.718,1334.961,,,,,,,,0.0
slatedb16,6,row,false,false,inline,,,128,warm,,,,,,,32,29.326,29.344,,,,,,,,0.0
slatedb16,6,row,false,false,inline,,,16,cold,,,,,,,1,991.529,1028.487,,,,,,,,0.0
slatedb16,6,row,false,false,inline,,,16,warm,,,,,,,32,30.657,30.678,,,,,,,,0.0
slatedb16,6,row,false,true,recent,,,1024,cold,,,,,,,1,2617.502,2638.776,,,,,,,,0.0
slatedb16,6,row,false,true,recent,,,1024,warm,,,,,,,32,85.499,85.536,,,,,,,,0.0
slatedb16,6,row,false,false,recent,,,1024,cold,,,,,,,1,4483.732,4501.156,,,,,,,,0.0
slatedb16,6,row,false,false,recent,,,1024,warm,,,,,,,32,65.391,65.419,,,,,,,,0.0
slatedb16,6,row,false,false,recent,,,128,cold,,,,,,,1,770.725,781.313,,,,,,,,0.0
slatedb16,6,row,false,false,recent,,,128,warm,,,,,,,32,57.768,57.786,,,,,,,,0.0
slatedb16,6,row,false,true,recent,,,16,cold,,,,,,,1,248.837,258.917,,,,,,,,0.0
slatedb16,6,row,false,true,recent,,,16,warm,,,,,,,32,78.418,78.446,,,,,,,,0.0
slatedb16,6,row,false,false,recent,,,16,cold,,,,,,,1,1036.496,1049.302,,,,,,,,0.0
slatedb16,6,row,false,false,recent,,,16,warm,,,,,,,32,62.637,62.672,,,,,,,,0.0
slatedb16,6,row,true,false,files,,,1024,cold,,,,,,,1,14433.049,14484.546,,,,109410.0,23102407.0,,,1024.0
slatedb16,6,row,true,false,files,,,1024,warm,,,,,,,32,28.842,28.867,,,,211.2,25987.2,,,0.0
slatedb16,6,row,true,false,files,,,128,cold,,,,,,,1,2322.028,2343.025,,,,14525.0,2865002.0,,,128.0
slatedb16,6,row,true,false,files,,,128,warm,,,,,,,32,27.640,27.663,,,,211.2,25987.2,,,0.0
slatedb16,6,row,true,false,files,,,16,cold,,,,,,,1,899.448,913.194,,,,2955.0,614112.0,,,16.0
slatedb16,6,row,true,false,files,,,16,warm,,,,,,,32,28.847,28.873,,,,211.2,25987.2,,,0.0
slatedb16,6,row,true,false,inline,,,1024,cold,,,,,,,1,4915.985,4947.258,,,,49521.0,12454119.0,,,0.0
slatedb16,6,row,true,false,inline,,,1024,warm,,,,,,,32,34.450,34.469,,,,299.2,40441.2,,,0.0
slatedb16,6,row,true,false,inline,,,128,cold,,,,,,,1,1392.026,1397.845,,,,9135.0,3996745.0,,,0.0
slatedb16,6,row,true,false,inline,,,128,warm,,,,,,,32,34.295,34.311,,,,299.4,40532.5,,,0.0
slatedb16,6,row,true,false,inline,,,16,cold,,,,,,,1,504.386,525.315,,,,2314.0,541464.0,,,0.0
slatedb16,6,row,true,false,inline,,,16,warm,,,,,,,32,33.501,33.518,,,,299.2,40441.2,,,0.0
slatedb16,6,row,true,true,recent,,,1024,cold,,,,,,,1,2800.530,2816.300,,,,26879.0,6457428.0,,,0.0
slatedb16,6,row,true,true,recent,,,1024,warm,,,,,,,32,94.882,94.920,,,,707.0,97152.0,,,0.0
slatedb16,6,row,true,false,recent,,,1024,cold,,,,,,,1,4966.229,4984.351,,,,50149.0,14166151.0,,,0.0
slatedb16,6,row,true,false,recent,,,1024,warm,,,,,,,32,69.040,69.060,,,,533.4,75416.5,,,0.0
slatedb16,6,row,true,false,recent,,,128,cold,,,,,,,1,1205.961,1216.863,,,,8462.0,3788361.0,,,0.0
slatedb16,6,row,true,false,recent,,,128,warm,,,,,,,32,63.678,63.696,,,,511.4,73173.5,,,0.0
slatedb16,6,row,true,true,recent,,,16,cold,,,,,,,1,332.926,341.697,,,,1427.0,421066.0,,,0.0
slatedb16,6,row,true,true,recent,,,16,warm,,,,,,,32,81.885,81.904,,,,687.0,94968.0,,,0.0
slatedb16,6,row,true,false,recent,,,16,cold,,,,,,,1,376.986,392.837,,,,1642.0,332635.0,,,0.0
slatedb16,6,row,true,false,recent,,,16,warm,,,,,,,32,68.031,66.918,,,,513.4,73232.5,,,0.0
slatedb16,6,verb,false,false,,0,8,,,,,,,,0,60,1179.928,160.575,1111.504,68.425,3.003,,,,,
slatedb16,6,verb,false,false,,0,8,,,,,,,,10,60,11059.155,370.554,10909.383,149.772,8.914,,,,,
slatedb16,6,verb,false,false,,1024,8,,,,,,,,0,60,1178.504,153.583,1107.020,71.484,2.695,,,,,
slatedb16,6,verb,false,false,,128,8,,,,,,,,0,60,1177.192,159.692,1106.011,71.181,2.697,,,,,
slatedb16,6,verb,false,false,,4096,8,,,,,,,,0,60,1184.820,183.385,1100.004,84.816,2.637,,,,,
slatedb16,6,verb,false,false,,4096,8,,,,,,,,10,60,11081.452,389.971,10906.778,174.674,8.090,,,,,
slatedb16,6,verb,true,false,,0,8,,,,,,,,0,60,1154.945,135.141,1100.722,54.222,2.698,242.4,122303.8,,,
slatedb16,6,verb,true,false,,0,8,,,,,,,,10,60,11145.261,435.692,10980.407,164.854,10.934,241.9,122060.5,,,
slatedb16,6,verb,true,false,,1024,8,,,,,,,,0,60,1131.208,164.525,1049.987,81.221,2.564,258.2,133620.6,,,
slatedb16,6,verb,true,false,,128,8,,,,,,,,0,60,1145.772,139.317,1078.646,67.125,2.301,256.5,131716.8,,,
slatedb16,6,verb,true,false,,4096,8,,,,,,,,0,60,1142.957,175.169,1051.319,91.638,2.668,259.9,140778.0,,,
slatedb16,6,verb,true,false,,4096,8,,,,,,,,10,60,11100.909,402.611,10937.964,162.945,8.321,260.9,143259.0,,,
